id,name,login,email,password,City
0,Kathy Willis,brooke90,drobbins@hotmail.com,*V@Bz9eJD0,Robertberg
1,Dana Myers,katherinetorres,uclark@hotmail.com,$g20JeF#Vx,Jessicabury
2,Michelle Rollins,afreeman,kgreene@hotmail.com,5zKVL*DP_$,South Adam
3,Justin Johnston,courtney94,cohenmark@gmail.com,(J10VDAc#+,Bretttown
4,Roy Hill,noah97,lortiz@hotmail.com,(lJ0tHGeP*,New Larryburgh
5,Michael Hunt,griffinandrew,jonathanjones@hotmail.com,8_c1O$m*VX,Katieborough
6,Mr. Richard Hull PhD,tarapratt,richardsarthur@gmail.com,G050EUe!l),Port Tracey
7,Jamie Patterson,hwilliams,zpittman@yahoo.com,&o4VF2ovJk,West Kathrynborough
8,Rachael Espinoza,johnsonkimberly,scoleman@gmail.com,8(#3YcBVeA,Michaelborough
9,Wayne Cameron,danieltraci,qgraham@hotmail.com,!orVIbWvO7,East Michelle
10,Amanda Wilson,obray,richardsonbenjamin@yahoo.com,_35Nib@FES,Gambleberg
11,Misty Andrade,ramirezsarah,oharper@hotmail.com,Z&JcMK6r%1,Gomezfurt
12,Ethan Lewis,sharon03,whall@gmail.com,R8Adv7Wh2(,North Dalemouth
13,Ruben Edwards,cory42,ynavarro@hotmail.com,y4Qm%n@&&K,Sullivanport
14,Ryan Gomez,charles48,avilasamuel@gmail.com,ub%8^nOsBJ,Eileenstad
15,Robert Chase,stephensondeborah,julie19@hotmail.com,2ZqQ0NPz&F,Hallchester
16,Jason Rivers,kleinruth,bmoore@yahoo.com,#(a!$EHY4i,Dianeton
17,Peter Miller,jenniferreyes,osutton@gmail.com,$IX*2HiswI,Port Kristinbury
18,Sylvia Rodriguez,bryandiaz,gregcook@hotmail.com,_+@86RsW6n,East Christopherbury
19,Jose Porter,nancywebb,holly28@hotmail.com,^+a8PwSj49,East Shannon
20,Scott Shelton,makaylagarcia,donnajacobs@gmail.com,heOTz8o@_8,New Steventon
21,Michael Mckay,ohughes,nicholashammond@hotmail.com,#hXvs9buf8,Caseyland
22,Tonya Short,kimberlyshaffer,xortega@yahoo.com,9*5IEgH8*p,Port Justin
23,Tracy Robles,april12,wrightlauren@yahoo.com,*2)lbDmD#),East Tammyville
24,Terry Lewis,brookehill,sandra76@hotmail.com,jZi1WryI_s,New Natasha
25,Lisa Miller,christina90,bdiaz@yahoo.com,_6qJ%R6(jS,Robertsville
26,James Wade,vgarcia,kelleremily@gmail.com,3ja3MKDd^6,West Stephenhaven
27,Dr. Kurt Collins,ortizalyssa,ericphillips@hotmail.com,a2Il@+F#^b,North Jeffrey
28,Aaron Floyd,rebecca68,rebecca44@yahoo.com,W2X#Ws4k_W,New Seth
29,Jacob Pierce,katie47,ann91@hotmail.com,^x0Vrcl*!0,Daychester
30,Caleb Evans,gilbertgabriel,michelle12@gmail.com,coT(^7Ivbe,North Robertburgh
31,Michelle Johnson,erik97,bellmary@yahoo.com,+nBVO52_x1,East Jeffreyshire
32,Louis Brown,vporter,madison91@hotmail.com,(a0VbtdJ)7,New Peterhaven
33,Sarah Saunders,justin56,jbonilla@hotmail.com,(509gVNyM#,South Melanieside
34,Kevin Flores,hoffmandawn,lindsaypope@yahoo.com,Xj@$8DMiaG,Sherriport
35,Douglas Travis,erikjoseph,daviseugene@yahoo.com,%e37tJ4g40,East Timothyside
36,Patrick Mcguire,nelsonjoseph,williamsbilly@yahoo.com,XL2BPpowi(,Lake Elizabeth
37,Jason Matthews,figueroaseth,richardescobar@hotmail.com,!VxWQkDg0j,Dawnmouth
38,Eric Perez,reynoldsmegan,lpowers@hotmail.com,Q4_GRLhb_D,Angelachester
39,Lauren Mccall,longvictoria,hamiltonchristina@yahoo.com,4WQbP%@S*o,Christophertown
40,Dennis Harris,martinsarah,hayestimothy@yahoo.com,&ffF$0Uw@a,East Daniel
41,Shari Garcia,melissa86,gabrielmartinez@yahoo.com,#8oG52p44f,Lake Robert
42,Justin Allen,jessicareed,norrisscott@yahoo.com,iU7EJ#qGp!,Port Mary
43,Mr. Robert Morgan,qwilson,smartin@gmail.com,rjsCC&rh@0,Jerryburgh
44,Katherine Butler,hannah06,scottcombs@hotmail.com,%74K9IH+*f,West Sharonview
45,Roberta Bradshaw,shamilton,jgood@yahoo.com,e8coGCZI%5,South Richard
46,David Avila,mparker,woliver@hotmail.com,SR6B99auJ$,Thomasmouth
47,Thomas Dickson,scottchris,michelle65@gmail.com,n2114QDk(%,Munozland
48,Sharon Martin,nathangentry,ryanmathis@yahoo.com,hFNlAwGN^8,Nancytown
49,Lee Hall,lisagraves,ohood@hotmail.com,^m9Br4vc2k,Scottborough
50,Tammy Barnes,gsmith,edward28@yahoo.com,(aWz7RG*5p,Kevinmouth
51,Christian Reyes,amytaylor,maddoxcatherine@gmail.com,koJx@#VK^7,Armstrongport
52,Alexander Wright,ashley94,sanchezlucas@hotmail.com,#4KKJz$^!l,Martinezbury
53,Michael Cox,rsweeney,allisonparker@yahoo.com,5incLe&F(e,Port Stevenville
54,Michael Sanchez,monique95,michael80@gmail.com,O(t7JEoSU8,Fletcherfurt
55,Brian Mccormick,tonyajones,torreslisa@gmail.com,&1Inm)AloJ,South Douglas
56,Jessica Stevenson,jeromepeterson,anthony45@hotmail.com,^_6RWVzTtp,Mackburgh
57,Ashley Little,michaelpowell,kimberlyjohnson@hotmail.com,@1$2^Iva^B,Mooreborough
58,Shelby Johnson,curtisgarcia,monicafoster@hotmail.com,$l9qSwfr(3,Davidshire
59,Clayton Mosley,micheal18,royjoseph@yahoo.com,n$91SmDo8*,Port Emily
60,Richard Olsen,jeffreyhall,daniel20@hotmail.com,%9KicUpOGK,East Kim
61,Nicholas Lopez,markadkins,greyes@yahoo.com,a4XLvwk%+7,Port Brandystad
62,Jackie Lee,rogerrocha,harperbridget@yahoo.com,^R5Jbcd9#a,Coryview
63,Jesse Reynolds,johnhernandez,maxwellgary@yahoo.com,%YVq1gBYB7,New Kristen
64,Brian Miller,qcooper,ajordan@yahoo.com,@@4dYHXzs2,Sarahville
65,Marilyn Smith,melaniewong,silvamario@hotmail.com,&gSIXDrj7C,West Kaylee
66,Madison Page,luke81,vvelazquez@gmail.com,ZG(4bSTwt9,Jeffreymouth
67,Craig Ford,claytonjean,matthewreese@hotmail.com,(6redArbb6,Dawnport
68,Gary Hill,willisjennifer,egardner@yahoo.com,XN!1d8wBH&,Bradleyside
69,Angela Johnson,xwarner,howardrobbins@hotmail.com,_1XdfCnwkQ,Elizabethmouth
70,Oscar Jones,rachel67,zrodriguez@hotmail.com,J&5E3qIuFM,Stewartborough
71,Aaron Cohen,franklin49,anita22@hotmail.com,Ld&2SDpfEH,North Jeremiahton
72,Dr. Christopher Dixon,mscott,daniel85@yahoo.com,K*2GLvwkBK,Kimberg
73,Monica Potter,lweaver,james69@gmail.com,rk9Tp^iF+T,South Johnton
74,Gary Willis MD,rayjoseph,douglas97@hotmail.com,!%_59T(rUQ,East John
75,Joel Anderson,shannongibbs,teresa99@yahoo.com,@(WBsb1o1W,Lake Jasminestad
76,Beverly Peterson,imorrison,eespinoza@gmail.com,#I4R#5omT1,East William
77,Kristopher Johnson,jerryvalencia,isellers@gmail.com,&WeQrK3vN4,Lake Allisonland
78,Jessica Edwards,orodriguez,tmoyer@gmail.com,x&6uZ^ds07,New Davidfort
79,Caitlin Clark,snowtommy,pearsonjohn@hotmail.com,RsAof^G(%2,Barbaraberg
80,Jack Morgan,paige20,zsanchez@hotmail.com,$6AiY(@c@G,Taylorberg
81,Thomas Reed,joseph66,chelsea97@gmail.com,%^75NEiG++,Jamiemouth
82,Jeffrey Todd,goodmandylan,daltonjensen@gmail.com,rk*Bk3IxMH,Ashleyshire
83,Thomas Thompson,steven45,david75@gmail.com,)Z(UZTsbz7,Hollandhaven
84,Zachary Jones,katrinakim,breese@hotmail.com,_Wc5L9WdAP,East Michelleberg
85,Roger Flores,arivera,michaelbowers@yahoo.com,!$0H2Pg48A,Brittanyfort
86,Colin Murphy,jason70,justinjordan@yahoo.com,#l3cW_vrPo,West Justinstad
87,Joshua Perez,knelson,tbrown@yahoo.com,$u&EnxeoQ1,Carlahaven
88,Paul Collins,reesenicole,perryanita@gmail.com,%LIcr$Tkc1,Port Hector
89,Christy Jones MD,mark19,robertsullivan@yahoo.com,+v1ZByzn&Z,New Jamieberg
90,Eric Martinez,laurahuffman,erinpollard@yahoo.com,PYhS8IWof%,Lisastad
91,James White,carterangela,lholmes@gmail.com,B$x5$Bot&5,West Tristan
92,James Hernandez,zjohnson,melissalloyd@gmail.com,t&i69iNCnr,South Nicoleburgh
93,Robert Griffin,aaronwagner,claudia78@yahoo.com,Rh7XtAaT_6,Caseborough
94,Jon White,joshua37,jramirez@gmail.com,%9FmmJn#6X,Port Amanda
95,John Torres,bonnie41,dillonstevens@hotmail.com,w%CY(6Cbdx,Harmonside
96,Kelly Charles,samanthacarroll,pricechristina@yahoo.com,^dK7GEKxB+,North Josephfort
97,Megan Brennan,qdavis,kristinbrown@yahoo.com,^8IWR7locE,Jenningsbury
98,Stephanie Scott,wrightkim,victoriabrown@yahoo.com,@#Wr$OzF1#,Ericville
99,Brittany Gonzalez,schroederdarren,sherry12@gmail.com,f8jKLlPg%U,East Rhonda
100,Mason Price,tonycoleman,laurenhiggins@gmail.com,j49mmOacd+,Emilyburgh
101,Cody Ferguson,keithsilva,stephanie63@hotmail.com,i+6q&QzyRQ,North Benjaminstad
102,Christina Morton,haley51,ryoung@yahoo.com,+v8rIvw@1t,Scottfort
103,Nicholas Stone,richardsjoseph,mgonzalez@yahoo.com,#^RWoXn(n9,South Nataliefurt
104,Chelsea Powell,daniel10,selliott@gmail.com,#4QT*ysjg0,New Nathaniel
105,Amber Clark,egarner,krista65@gmail.com,AcO1Kvba!_,Vickifort
106,Angela Morrison,martineznancy,kfletcher@hotmail.com,$1RnGA3k+),Lake Matthew
107,William Adams,darius79,calvinedwards@yahoo.com,(xEO4C4mib,East Kelliton
108,Jaime Molina,annaleach,matthewmckay@gmail.com,kSA1M0Vr^B,Port Kristinaborough
109,Mark Jordan,teresawalker,agardner@hotmail.com,3lo7K3JV&),Millerfurt
110,William Ford,jonathan88,garrett77@yahoo.com,*i3p8#Gq+8,Lake Mary
111,Monica Burton,reyeskevin,barrchristine@gmail.com,8B1LKTs9@6,Lake Theresa
112,Brandon Cervantes,johnnyrodriguez,wesley14@hotmail.com,ybGqTE51%6,East Annaberg
113,Gary Ortiz,jessicahernandez,iwarner@hotmail.com,(lW*Hix+U8,East Sarahberg
114,Theresa Brown,michael99,josehudson@hotmail.com,P3am3F_y#%,Lisaborough
115,Melissa Oconnor,rperry,adrian75@hotmail.com,eP%(8LrKjS,New Brandon
116,Shannon Dillon,hermanmarie,mendozakristina@yahoo.com,qcnFUZLy+4,South Brandon
117,Molly Ford,aaron34,noahgonzalez@gmail.com,SB4D$fvo!3,New Craig
118,Kenneth Wright,xrodriguez,wilsonjessica@hotmail.com,)%MFpQm+5p,Thomasbury
119,Kathy Garcia,yrichmond,rreynolds@hotmail.com,vi6Eoemd%2,Bradyside
120,Stephanie Johnson,fritzelizabeth,philip35@yahoo.com,(C5YndX##!,North Charlesmouth
121,William Pena,finleypaul,carolynpowell@hotmail.com,GOrLg8Xb7@,East Ryanfurt
122,Adam Morgan,kendrahodge,pdorsey@yahoo.com,2q8k@WXi)0,New Angela
123,Tammy Woods,vmcclure,christopherarmstrong@hotmail.com,_7p21XylfI,Heatherchester
124,Marcus Hill,cjames,pwallace@gmail.com,GAdq2yIt*#,Jimenezmouth
125,Eric Evans,xwhite,richard14@gmail.com,%BrIU#ti59,North Michael
126,Rebecca Knight,craig97,pamela95@gmail.com,O5LxY5bm+R,North Jessica
127,Kelly Thompson,ujohnson,lyates@yahoo.com,&(y^DQg+9@,West Roy
128,Jennifer Williams,theath,michael93@yahoo.com,pj!w0RhQg6,Andersenport
129,Ms. Jessica Kennedy,anthonyanthony,donaldsmith@yahoo.com,)wtrUyw84q,New Dalton
130,Melissa Scott,wallacestephanie,qmathews@gmail.com,i1tM3VfP%Y,Cameronborough
131,Jacob Schneider,laurasmith,vvillanueva@gmail.com,!kNS3yL561,Mooreshire
132,Christina Lopez,banksjanet,anne04@gmail.com,vxQ2c0D*3_,Watsonland
133,Carl Rodriguez,dhendrix,collinmatthews@hotmail.com,)SR7Hva2OE,New Vincent
134,Dennis Rodriguez,andrewdalton,shannon38@yahoo.com,ezGf2sVm&8,Port Ashley
135,Stephen Mercer,cameron14,danieljennings@gmail.com,n9Y8BDxy^v,Johnview
136,Roberto Weaver,dsanchez,justindickson@hotmail.com,)n9V%3Zr$I,Port Phillip
137,Brian Jones,april13,wallacebryan@gmail.com,^^e0(J$d@X,Mariahfort
138,Jennifer Garcia,angela19,laura77@hotmail.com,(3f4sEKDej,Whitneyville
139,Mr. John Holland,powellashley,reyespaul@yahoo.com,hV$8LJgwIb,New Lesliefort
140,Diane Rojas PhD,jacobrichards,mbarnett@gmail.com,d1H4Bi@P*q,Williamhaven
141,Donna Wright,stanley01,richard73@hotmail.com,4&2Txki+L@,Port Jacob
142,Eric Garcia,henrydavid,charleskaren@gmail.com,)n0+Wo)C#y,New Amanda
143,Dana Moyer,courtney22,bryan84@yahoo.com,W6#1PP5a@d,East Joshua
144,Mary Hampton,brittany51,rshaw@hotmail.com,^5nXKr)sM3,Josephfurt
145,Sandra Reed,hahnstacey,heidi14@yahoo.com,(j39f2Vgi(,Nicholsstad
146,Ms. Nicole Martin,christensenmichael,kdavis@yahoo.com,G1B$o6Ap&%,Lorichester
147,Kim Williams,debramyers,cindy94@hotmail.com,0V40QN%u3#,Lake Erinport
148,Henry Howard,thomasmary,hessstephanie@gmail.com,$3vXiVlq%&,East Patriciaville
149,William Gomez,garciasusan,zthomas@yahoo.com,)pC0FItj$x,West Shanehaven
150,Stephen Mcgee,lgregory,alexanderbrianna@yahoo.com,A_VH1JEeod,Savagestad
151,Alexander Peterson,dylan76,amydennis@hotmail.com,c!6edPbj(&,Williammouth
152,Kyle Harmon,icole,martinsmith@gmail.com,!t$9dNcEFT,South Angelicachester
153,Rebecca Hernandez,mark83,jeremy37@yahoo.com,b2bEt6@w((,East Michelefurt
154,Matthew Lee,tonya15,kevinpratt@hotmail.com,R0vTIaLB#g,Pamelafurt
155,Patricia Clarke,danieljones,fgarrett@gmail.com,)2cMvIPc0A,Jessicaview
156,Larry Fowler,joseph74,carteralexis@hotmail.com,*5UMl7oEGF,Johnathanfort
157,Andrew Gomez,danielwelch,ogibson@gmail.com,&(4Lt(N#NZ,Vazquezshire
158,Caitlin Cummings,reynoldsbryan,shancock@hotmail.com,fM+4GJiXSF,West Dennis
159,Danielle Benjamin,dalewright,michelle89@gmail.com,#Bkh8Yefy7,Julieside
160,Lisa Smith,wthomas,qmcneil@gmail.com,BgN^^VvJ#5,Lake Justinton
161,Ariana Haney,gadams,daniel08@hotmail.com,fPT9GhiWc&,Deborahchester
162,Andrew Butler,franciscobarker,ddavis@gmail.com,+(1V5ZVx@J,Andersonville
163,Angela English,cannondavid,michaelortega@hotmail.com,UV6OlymL%r,West Deannafort
164,Allison Edwards,raystephanie,isabella49@hotmail.com,)rF@eYrlI4,West Masonport
165,Travis Lopez,grhodes,deborah63@hotmail.com,^T@LzhWQ1^,Katherinefort
166,Jeffrey Velazquez,donald34,emily16@gmail.com,js8Gao!3*z,Lake Markstad
167,William Patel,andersonelizabeth,zachary02@yahoo.com,+7+LWCr9J&,New Lauren
168,Robert Aguilar,nicolematthews,kellybenjamin@gmail.com,++Pd3Bvp1@,Gibsonshire
169,Anne Price,brandymiller,alexis52@gmail.com,42BuVH2d$Y,Matthewborough
170,Amy Robinson,bakerrickey,sarah71@hotmail.com,4naJT1db$P,Lake Karenmouth
171,Becky Reid,vincentmadden,dustingarrett@yahoo.com,e2lnPao$@T,South Joshuaville
172,Kristen Hernandez,jacksonadam,skim@gmail.com,CJ!^(5OvtM,Lake Markhaven
173,Daniel Byrd,aramirez,ztyler@yahoo.com,fF0Macm&J^,Bookerfurt
174,Miguel Montgomery,cesarpratt,jose60@yahoo.com,nA6BjCSN&4,Hicksmouth
175,Matthew Bates,michaellopez,hollowaysierra@yahoo.com,)0N$kK$a@B,West Christine
176,Kathy Kelly,virginia26,mgraham@gmail.com,gHBd1NS7%5,East Teresaborough
177,Jonathan Smith,sfitzgerald,chaseamy@hotmail.com,*7e4%EuLoT,East Jessicaborough
178,Anthony Allen,janetbrown,alloyd@yahoo.com,#3V0$dl*X^,New Stephenshire
179,Patrick Moore,joshuadaniels,johnathan99@gmail.com,$74FiqqjJG,East Lindaborough
180,Lisa Hammond,adriangarcia,johnsonbreanna@yahoo.com,A32L*8de+S,Diazland
181,Brian Thompson,wandagreen,seansherman@gmail.com,X42XwKc#$t,Lake Lori
182,Paul Rodriguez,thomas86,angelafranklin@yahoo.com,Q99(4TPz6+,Austintown
183,Wesley Lopez,jenniferburgess,hoodhunter@gmail.com,$Gh5KZTiTJ,South Crystal
184,Maria Gonzalez,victor09,samuelwang@yahoo.com,7@N9Lzv0%q,East Kristen
185,Joseph Murray,robert70,cindy59@gmail.com,8+GvlM*j(2,West Angela
186,Juan Garner,debra71,qgonzalez@gmail.com,)y_W4Oc(z8,Armstrongbury
187,Jeremy Sexton,bparker,robert86@yahoo.com,@7BYrEIn@I,Solomontown
188,Audrey Farrell,maxwellpena,barroneric@yahoo.com,cOZ7XMl2+1,Michaelland
189,Lawrence Gallegos,lanejohn,jacksonamy@yahoo.com,(tlh3bXmNp,South Emilyfort
190,Nicole White,danielcampbell,kellyvalenzuela@yahoo.com,!3h1WvXR70,Fergusonmouth
191,Brittney Palmer,ascott,wrightkatelyn@hotmail.com,+R0Xih@Rnv,Michelleberg
192,Mrs. Jacqueline Allen MD,vchase,pnash@hotmail.com,!lCm_5(i@5,Noahtown
193,Lisa Neal,andrew44,tony62@yahoo.com,n7B3FgqeO_,New Ericview
194,Brendan Adams,hgillespie,nburton@yahoo.com,we6rD36!6_,Lake Heather
195,Brian Cunningham,joneskimberly,john71@gmail.com,rC5ms5dL8$,Lake Mistyton
196,Jose Boyer,brian35,julie43@yahoo.com,eT%6BevH#),Rebeccafurt
197,Phillip Parrish,michaeljones,michael41@yahoo.com,k(7Vhd0fOr,South Amybury
198,Ricky Andrews,coledanny,fsolis@gmail.com,t(u8BJa*31,Wallsbury
199,Gregory Sanchez,laurencherry,muellergregory@gmail.com,o&1rFv8(B2,West Scottchester
200,Chelsea Meyer MD,watsonanthony,williamssean@yahoo.com,2(I_hwkb!V,Lake Daniel
201,Jeffrey Sanchez,jenkinsjames,loganhendrix@gmail.com,u(hi1XZyhE,Amberchester
202,Peter Jones,danielharper,victoria94@yahoo.com,J3B^eil2#i,New Justin
203,Christine Carr,danielsjennifer,lewisstephanie@hotmail.com,$B99y$Ih9z,Prestonchester
204,Dale Scott,wross,christineking@yahoo.com,)9NV7t4ZV1,North Shannonchester
205,Adam Weaver,jordangordon,ehughes@gmail.com,)6nA8hI$0c,Michaelbury
206,Kristy Howard,plopez,bettychristensen@gmail.com,s%!8kvItZU,North Stephanie
207,Robert Ellison,wmcclain,htaylor@hotmail.com,s2qSaR!n^6,Cohenshire
208,Sean Thomas,hudsonmichael,hromero@gmail.com,*^WrXsVrr4,Port Cindyview
209,Pam Gonzales,xburton,jordanmargaret@gmail.com,7yVE5Fxw*f,East Tammy
210,Donald Thompson,denise21,audrey44@hotmail.com,G3Ts5Afo$z,Lake Aliciamouth
211,Eugene Collins,arthur57,charles55@hotmail.com,zrBD%k7a^2,Aguilarhaven
212,Donald Harris,dennistaylor,jared58@hotmail.com,(8r2XSgF(8,Zacharystad
213,Alicia Powell,shane39,turnertanya@yahoo.com,VY3DkeMq7_,South Lorifurt
214,Christopher Baker,freemankristen,bcharles@gmail.com,tkT3YiYH!6,South Kevinchester
215,Margaret Owens,joanna28,lgonzalez@hotmail.com,!@QrzPOO8f,New Anne
216,Chad Bruce,patriciacortez,bennettashley@hotmail.com,+NS+QQyTA0,South Meganport
217,Yesenia Woodard,kenneth27,michaeldavidson@gmail.com,s(9ZR_svH+,West Donald
218,Timothy Humphrey,gardnerjulie,vdean@hotmail.com,+7zAa8CIp8,New Jameschester
219,Jasmin Robinson,hherrera,matthew46@gmail.com,^T9y66fix^,East Angelaland
220,Patrick Wood,amberbenjamin,juliegonzales@yahoo.com,C^yK7WzzTK,Kellystad
221,Lucas White,triley,mooreeric@gmail.com,eo%5YEkd!X,South Ryan
222,Brenda Jones,jameskerr,coxjoshua@gmail.com,10nN@oMD)b,South Samanthachester
223,Lindsay Saunders,grosssheila,jameswhite@gmail.com,#!Rz2LzCrC,North Rebecca
224,Bethany Henderson,michaelmcintosh,seanhurley@gmail.com,w85JGeh_+3,Walkerburgh
225,Alexandra Johnson,halljulie,williamsmichelle@yahoo.com,z+z8UnL5)4,Brianberg
226,Jeffrey Baker,parksyvonne,olivia90@gmail.com,%c2sEnmyRs,Nancyport
227,Ana Nguyen,miguelwright,shebert@yahoo.com,9(7YBHuqq9,North Michaelstad
228,Corey Jordan,gonzalesdeborah,lgarcia@yahoo.com,E)(7Ec5riN,Baileyberg
229,Maxwell Weber,burgesscory,fordalan@gmail.com,P*fH9Enr$A,Benjaminport
230,Kevin Thomas,ojohnson,idoyle@gmail.com,#7^fWySW*J,Christopherside
231,Zachary Walsh,kennethcompton,timothy77@hotmail.com,72RgS6eX(C,Hawkinstown
232,Jessica Cantu,ysullivan,brooksbenjamin@yahoo.com,4!%q6Scl5N,North Jason
233,Brianna Fernandez,jstanley,sandrazhang@hotmail.com,a%Wo8QZsLa,South Edward
234,Mr. Brian Mitchell,swilkins,harrismartin@yahoo.com,$d&67DQcry,North Spencer
235,Kelly Day,zprice,mphelps@yahoo.com,r@7zydMH3b,Blackburnstad
236,Cesar Jones,justinhill,tinacooper@yahoo.com,R^1X(S7k3i,West Pattyland
237,Tanner Wilson,josephrandall,rsanchez@hotmail.com,+bHLj*Mzn0,Port Kristinport
238,Samantha Robinson,roblesalexis,glassparker@gmail.com,fH62EIo_t#,Livingstonfort
239,Adam Hancock,josephchambers,patriciawilkins@hotmail.com,Th^%0BLukn,Doyleville
240,Victoria Pearson,cainzachary,madison92@yahoo.com,Ic#8YgWbcC,Kellyfurt
241,Larry Bullock,aprilowen,michaelbrown@hotmail.com,)+3SLym&Xm,Lake Ryan
242,Toni Williams,rebeccaclark,ryanfinley@gmail.com,c%X#6_2qHK,Martinezmouth
243,Gabriela Taylor,inelson,donaldsonnicholas@gmail.com,owsN9jDh@&,New Timothyshire
244,Samuel Smith,benjaminlopez,genecook@gmail.com,*og4JN8nA+,South Joanne
245,Ryan Lutz,brownscott,nayers@gmail.com,uw9LPF#hs!,Ortizfort
246,Jose Smith,rebecca19,bhaley@hotmail.com,(o1l^ImFB%,Gomezton
247,Cody Burns,austinmoreno,munozcody@hotmail.com,*0rkKr&AJD,South Luke
248,Angel Kennedy,nbarker,andrew63@hotmail.com,9xm7WRftR!,Deanberg
249,Elizabeth Bender,james12,ismith@gmail.com,^7E^0DvnIe,Wilsonview
250,Valerie Hernandez,oconnormichael,laura28@hotmail.com,#5MRho9+0V,North Sabrina
251,Dawn Hall,haley17,johnjones@gmail.com,K!9TAbl++s,Port Robert
252,John Crawford,whitneyryan,scottwest@hotmail.com,jmM_ZZ&_@1,Williamsonbury
253,Elizabeth Molina,lindahunter,perezlinda@yahoo.com,^^4)317ftR,Kaylaton
254,Anthony Chapman,james29,hbullock@gmail.com,%94^eE5YAa,Mollychester
255,Jennifer Cole,wpatton,heathsamuel@yahoo.com,ebmv6LxT6(,North Juan
256,David Fuller,brianjarvis,gomeznathan@gmail.com,yc6EJO1i)f,North Julia
257,Allen Nielsen,michele21,smalldustin@gmail.com,^6Tsy#LEX0,Christopherfort
258,Mrs. Melissa Stanley,gnixon,penny43@hotmail.com,J8kPQ2Om!q,Michaelmouth
259,Christopher Crawford,brianleon,mariasharp@yahoo.com,(1WBgAa(_9,Christinafort
260,Shelia Gray,epham,pottslarry@hotmail.com,^BZmQ3lpr&,New Jonathon
261,Angela Kirby,owebb,ericvasquez@gmail.com,(PHGtW%Vl0,New Brent
262,Lori Barton,eharper,alyssaperry@hotmail.com,X86^K@px$2,Lake Danaside
263,Renee Walsh,cody91,porterashley@hotmail.com,$6XIgRXj(+,South Todd
264,Keith Griffin,kenneth71,lisajohnson@gmail.com,R3K6KsT0_g,West Michelle
265,Ashley Mosley,dayjohn,kathyroy@yahoo.com,(Y4M3U_nYu,Murrayburgh
266,Jeremy Jackson,bradychristopher,matthew66@yahoo.com,c+0Lavv$4O,Thomasland
267,Robert Saunders,mmoore,jonesconnie@yahoo.com,$5Ph!jT6^a,New David
268,Jeffrey Haley,xhunter,petersonkelly@hotmail.com,H*1W4+Wy7A,Camposburgh
269,Martin Haas,juan73,xmcclain@gmail.com,oZ!0OoLq^7,New Jasmine
270,Brianna Gonzalez,robert06,julie51@hotmail.com,!5QDxix3dn,West Lisa
271,Jim Hernandez,watsonsteven,kellyamy@hotmail.com,_!9YkEHz&r,West Jenna
272,Laura Molina,adrianwilliams,lawrencemartha@hotmail.com,rkxHWL@q_5,Virginiatown
273,Matthew Cox,brownemily,sglover@hotmail.com,$0BXLkj5Pe,Lake Claudia
274,Sarah King,donaldsonashley,xjackson@yahoo.com,w_c81M7q@k,Tamaramouth
275,Beverly Mckinney,sharon54,melissajones@hotmail.com,(1MUE)vJ)J,East Renee
276,Bryan Morris,harrisonedward,benjaminbailey@hotmail.com,^mVn&$tTg9,North Richard
277,Jeffrey Schroeder,abrennan,xramirez@gmail.com,2@0OmD^8wu,New Kimberlyfort
278,Jenna Stewart,salinasrodney,lisa66@yahoo.com,)0JqSA7L(z,Smithtown
279,Charles Adams,brian46,yjohnson@hotmail.com,+jUcHcJ2E8,Lake Brandonmouth
280,Vanessa Richardson,samanthaharrison,veronicabriggs@gmail.com,*saQ4W^@4_,Ashleyview
281,Matthew Patterson,emorgan,josephwashington@yahoo.com,0wExP2Y5@k,Harmonhaven
282,Kathleen Edwards,lisa16,simpsonlinda@hotmail.com,Kp6Zl10tW@,Johnsonberg
283,Andrew Davis,jjackson,kennethmitchell@hotmail.com,^J4WGeM55b,Josephton
284,Mrs. Mary Gomez MD,jesus61,ashleycarpenter@yahoo.com,%WAtqX@o7J,Lindseyland
285,Dr. Curtis Strickland,millerchad,chelsea40@hotmail.com,KI6RhmgU@_,West Jackieborough
286,Bryan Morgan,ikennedy,bcarrillo@hotmail.com,L&154X(hhD,Blakemouth
287,Jacob Brooks,jonathanmassey,david16@gmail.com,T+tm2Kfd26,East Jimmyborough
288,Regina Herrera,ymorgan,aalexander@gmail.com,$52Q&XMo@%,Caroltown
289,Michael Turner,zthomas,richardramsey@gmail.com,v6BSXi9j!g,South Cindyport
290,Robert Reid,vbishop,george32@hotmail.com,19Tz(EKa#N,Jordanview
291,William Miller,zwilliams,taylorrobin@yahoo.com,$68(GeImUg,Brianhaven
292,Rebecca Brooks,johnsonjeffrey,david09@yahoo.com,9MW9Km_g@_,Murphyton
293,Laura Morales,jake00,sara19@yahoo.com,2IJoO^lE#W,South Wendyport
294,Wendy Goodman,samanthalopez,murrayjulia@yahoo.com,i)6UK^VsYQ,New Jamesborough
295,Holly Miles,stephenparsons,davisdaniel@hotmail.com,QiART)kD&2,Claytontown
296,Richard Williams,sandra19,changjeremy@yahoo.com,Y9Z@Wgrd^f,West Shelby
297,Alicia Simon,matthewanderson,catherinecarroll@gmail.com,KWc6@mx80^,Brandonfort
298,Molly Navarro,gail68,marylopez@gmail.com,qufKZp0a^0,Brownhaven
299,Richard Bell,jmontgomery,dlucas@gmail.com,$#7_BXv!jv,East Sandra
300,Duane Henry,richardhall,cheryl89@hotmail.com,3UXWcoj^)6,Guerreroton
301,James Oneal,michaelharris,fletchertara@hotmail.com,!gW4GJVyx!,Port Davidborough
302,Heather Adams,ann55,lisaallen@yahoo.com,&_6TzHw@Hh,Port Hannah
303,Julie Taylor,jessica82,nathanrivas@gmail.com,irCUbqNv%9,Arnoldborough
304,Monique Russell,ocampbell,davidsonscott@hotmail.com,3IT$)f$P^^,Brittanyberg
305,Angel Green,sanfordalexander,angelamills@hotmail.com,^7DX@WBxHT,Carolineton
306,John Hoover,deanjoseph,fisherhenry@yahoo.com,5^0Ch!e8gi,Kempfurt
307,Miguel Mcneil,melissa88,baileyjerry@yahoo.com,(0do0XvLxo,Lewisview
308,Jeffrey Gray,yhicks,walkerjennifer@yahoo.com,%74DqSbLcb,West Haroldmouth
309,Nathan Huber,jonesjoshua,pearsonrachel@hotmail.com,%6U$vwrhx%,West Tiffanyhaven
310,Shannon Sanchez,yjordan,schneiderelaine@hotmail.com,9xMUh6mu^a,East Danielbury
311,Matthew Mcdonald,robertsjay,robert13@gmail.com,ir3jEPgh@A,Danielleton
312,Brian Cooper,mmarshall,damon89@hotmail.com,9$(4qDjyT#,Eatonville
313,Christian Smith,baldwinbrandon,martinandrew@yahoo.com,Fh(76GKIw),New Fredburgh
314,Shannon Adams,melissa38,hollyboyer@hotmail.com,E*m3XrT$ZS,Terrellville
315,Natalie Jensen,bruceedwards,evaldez@gmail.com,@mDB8avTg4,Port Markport
316,Danielle Snow,jodibridges,haasanthony@gmail.com,!%78eD2rH3,Johnsonland
317,Margaret Smith MD,jordangolden,pingram@gmail.com,@EyZp)uj4n,Port James
318,Jason Jones,michellecollins,jaimelozano@hotmail.com,@8Yu2fJr%S,West Heatherbury
319,Dr. Jeffrey Kane,sandrakim,ronald10@hotmail.com,&pva7IvQ7L,Lewismouth
320,Michelle Alexander,olowe,harringtonbrian@gmail.com,b$B2LeNh%0,Grantmouth
321,Sarah Phillips,johnathanmartin,baileychristopher@hotmail.com,#(3SYm)pwL,Donaldmouth
322,Julie Johnson,john32,gregory38@yahoo.com,%%PZLsg)8r,East Jameschester
323,Heather Stuart,barry77,brivera@yahoo.com,Z&8im@ZtHX,Youngchester
324,Donna Cameron,kdavis,jacqueline18@hotmail.com,VJz75Myr!(,Anitahaven
325,Dennis Jones,vwood,tracydavis@gmail.com,V8C0UAXue+,Matthewfurt
326,Thomas Franklin,amyhart,frankbarrett@yahoo.com,Me*07ZeB_3,Jasonside
327,Kelly Freeman,karen92,barrettbryan@hotmail.com,&1*GPZ_ox9,Hardyview
328,Stephen Noble,rdawson,susanfranklin@yahoo.com,M7+VLQjY_^,West James
329,Brandon Alvarez,santosdevin,jose13@hotmail.com,50CZHF8i#E,Port Amybury
330,Sarah Kemp,madisonanderson,jsteele@hotmail.com,L#o9CNSkTz,Cathyburgh
331,Andrea Hoover,ivansutton,clindsey@yahoo.com,S8fs0SWjT&,Smithstad
332,Kevin Collier,alyssashannon,johnathan39@hotmail.com,^44JdQdl0y,South Eric
333,Todd Barnes,zachary17,barrettpamela@hotmail.com,@3+)+Q#c7F,Brownmouth
334,Casey Lee,taylor82,ssmall@gmail.com,9eSt7hAl+i,Kendrabury
335,Benjamin Mcmillan,glennmcknight,henry64@yahoo.com,%+eL4dSv5Q,Port Kirk
336,Daniel Peterson,michael77,tpeterson@hotmail.com,&b7YvCh3VI,East Deannabury
337,Amanda Lawrence,parnold,joseph74@gmail.com,@0QuwRR!85,Trevinoborough
338,Julie Stanley,beniteztracey,linda10@hotmail.com,#5a06eUw&2,West Virginia
339,David Oneal,meltonkim,charlesmorgan@gmail.com,(CB8QGdr^I,East Kathryn
340,Sara Palmer,nelsonashley,laurietyler@yahoo.com,E&aA#8kN_9,Stuartview
341,Becky Pruitt,diana01,caitlinpeck@hotmail.com,iIMj0gNxe%,East Tylershire
342,Mason Carter,mcintyresheila,lschwartz@hotmail.com,d_+h6Vfk0$,Sandovalborough
343,Rebekah Porter,morgan69,nicholas23@gmail.com,6Pyg9YzS6_,Michelleport
344,Brittany Bond,adam22,hendricksjames@yahoo.com,xVc4e&1z8!,Michelletown
345,Leonard Wilcox,williamwilson,chelsea93@hotmail.com,xGb5Bz3H6),Matthewside
346,Joseph Carr,dorseycolleen,woodardnichole@gmail.com,$6CVruNh)Q,South Davidstad
347,Keith Flores,reginahamilton,jeffery69@hotmail.com,SeGxJRMf$7,Port Nicoleland
348,Dave Hendrix,zhenderson,martinwalker@yahoo.com,Pp%6AnAw5t,Port Sheilabury
349,Jamie Goodwin,jonesrebecca,katherineelliott@gmail.com,^X43nqUfN^,New Paula
350,Kimberly Owens,chadrodriguez,josesaunders@hotmail.com,@q3RJ$l$E%,Beardside
351,Tyler Medina,zgardner,cynthia92@gmail.com,)XXEUAwq85,Vegastad
352,Victoria Mueller,daniel55,staceyburke@hotmail.com,+kx4Lm*$Vx,Jeffreyton
353,Kathleen Gray,ashley63,ernesthubbard@hotmail.com,U*1NVs(!MX,Stephaniemouth
354,Keith Tran,lbenitez,gibbskevin@yahoo.com,X#3YMr7xSH,South Steven
355,Nicholas Sullivan,cynthia74,gallegoschad@hotmail.com,80JyY(Sy4(,Lake Sandramouth
356,Thomas Dalton,tmitchell,shericampbell@gmail.com,k*S0cGm_^E,Laurenton
357,Kevin Wright,jhughes,christopherreynolds@yahoo.com,(x8$Nt#iz1,Jenningsland
358,Timothy Alvarado,teresadowns,vlucas@gmail.com,1h72VfA65%,Dennisborough
359,Marie Duncan,jbrown,slewis@gmail.com,S3_S5rEm&7,Paynemouth
360,Olivia Bradshaw,ylowery,allison58@yahoo.com,GFJ$_UOx&1,South Jacob
361,Eric Simpson,williamscody,wdean@gmail.com,$5^Nw5@wql,Hernandezburgh
362,John Davis,atkinsongina,aliamy@yahoo.com,&46SAz6!85,Sawyerland
363,Jeffrey Lawrence,vspencer,florescarlos@yahoo.com,ynizpTQz%9,South Morgan
364,Ronald Flores,millerkayla,david73@hotmail.com,I&7iagNmJD,New Sharon
365,Breanna Bradley,ashley15,mikegreene@yahoo.com,X8b*3Srg2b,South Louis
366,Aaron Harris,marc02,kmurillo@hotmail.com,F*64Wp1V+f,New Ashley
367,Ronald Mills,taylorcarrie,ifigueroa@yahoo.com,(#02fzZku4,Lake John
368,Jamie Martinez,kevin23,dcarrillo@yahoo.com,*gONd6ej14,Morrisstad
369,Brooke Myers,matthewbrown,rodgersjonathan@yahoo.com,+!2pVbaqY$,West Sarahmouth
370,Scott Vazquez,dperez,jenniferbrooks@hotmail.com,2&uw4dDb@H,Kellerburgh
371,Teresa Conrad,danielsimpson,ugonzales@yahoo.com,lv1M0_Yqf@,Port Coltonbury
372,Emily Campbell,neil26,adam95@yahoo.com,VS#P4jSh2j,West Michaelchester
373,Andrew Rivera,amy91,erica60@hotmail.com,$&Lw8ETaih,Jacquelinefurt
374,Jacob Johnson,jennifer37,scott60@gmail.com,5%25L1XOGg,Powellview
375,Michael Davis,laralaura,patkinson@gmail.com,5E%HADlG+m,Floresburgh
376,Sharon Mays,alishamartin,ysmith@gmail.com,!70vFmjh3@,North Anna
377,Angela Gonzalez,spatel,maria73@gmail.com,@3CVe@IRN8,Matthewfort
378,Katherine Lowery,jessica77,gordonrobert@gmail.com,@b7sLW0h61,Lake Chrisport
379,Angela Miller,danielle83,marymiller@yahoo.com,L#MF1EWvIT,New Brendatown
380,Tammy Taylor,jamesclark,jacqueline53@gmail.com,)wAv1_Fe0O,Dalemouth
381,Rachel Ray,vturner,schwartzmichael@gmail.com,_g3gWca8&),South Kelly
382,Juan Conner,carla57,richardhernandez@gmail.com,K(TqL%fX+3,Johnsonbury
383,Dr. Tracy Butler MD,wendy53,johnmeyer@hotmail.com,hsGU8cwz%5,South Colleenfurt
384,Wendy Perez,michelle57,torresbarbara@gmail.com,8HGdjgk$$j,Richardborough
385,Mark Smith,andrewreed,richard07@hotmail.com,%D_4y_9s09,Cherylburgh
386,Raymond Li,woodmelissa,howelldeborah@yahoo.com,59C@hPtn#n,West Robertside
387,Jennifer Velasquez,samuel68,kenneth98@gmail.com,!91RSyQr$Y,West Kevin
388,Leslie Chen,fmeadows,wilsonryan@gmail.com,zxc8UiA@)0,Cohenhaven
389,Sharon Ortiz,suzannemartinez,victoriaberg@hotmail.com,35ZJjmZn^k,New Lauraberg
390,Melissa Thompson,nicoleaguilar,vmckenzie@hotmail.com,S&5ZaJkdQo,Joshuatown
391,Joshua Schultz,mejiateresa,zachary39@yahoo.com,U4^O*fyp%V,Desireefurt
392,Megan Combs,alanhurst,riceshannon@yahoo.com,NNzC1!Uc!1,Karenshire
393,David Smith,briana58,emeyers@yahoo.com,pT99)3Ok8w,East Matthew
394,Alexandra Morgan,christopher56,aray@yahoo.com,*(Wxelxp@2,New Robin
395,Brittany Sanders,jessica86,ronald05@hotmail.com,enw4SmTh#e,Mullenmouth
396,Taylor Smith,rwood,iadams@hotmail.com,LQ9MNfTrN$,Lake Louis
397,Amanda Donaldson,yvincent,christina50@gmail.com,l*4lPRai+W,North Meghanside
398,Valerie Wallace,johnscott,cesarduran@gmail.com,up6LYCwtD^,East Sarahville
399,Susan Park,csimmons,michaeldavid@hotmail.com,uhI3HSeSc!,North Brianstad
400,Daniel Gross,langbradley,jonesruben@gmail.com,Ax7TM9zKs$,Nelsonfurt
401,David Robinson,stevensshane,robinmurray@gmail.com,pZN3WR6b7+,New Theresa
402,Michael Perkins,johnnyfoster,hughestara@yahoo.com,nI60L8%b(%,Suzannefort
403,Kathleen Bennett,hardycraig,john20@gmail.com,**I4Krk(!5,East Maurice
404,William Webb,philip54,qcollins@yahoo.com,gI9BfJQ&7$,Reynoldsmouth
405,Angel Moore,mjohnston,brandonalvarado@gmail.com,dmX6TQ#oS^,Phillipsburgh
406,Melinda Patrick,tina92,aarcher@yahoo.com,^cF3NWHB8q,Heidiville
407,Karen Wells,bentleyamanda,thomaslauren@hotmail.com,u%q4L_oMYa,Port Karenchester
408,Crystal Hines,scottdouglas,alex33@yahoo.com,*SQ(HUoz6A,Port Larry
409,David Morales,rubiolisa,tommy65@hotmail.com,P^0PigR$l*,Michaelburgh
410,Nicole Lamb,alyssachavez,olivia74@hotmail.com,m!7cENyITn,Yvonneville
411,Christopher Terrell,danielscott,gregory74@yahoo.com,L!oq7YxgDQ,East Judy
412,Jennifer Cox,shane49,anthonyclark@hotmail.com,@YoGqUej1p,Rosaleshaven
413,Sheila Fuller,hhaynes,oconnorjustin@hotmail.com,Lro7Kbbs(7,Brandonton
414,Gabrielle Thomas,omelton,kelly17@hotmail.com,_vEAWhb20O,Markberg
415,Wendy Zimmerman,lbarry,thomas88@hotmail.com,F*S!HtyC^6,Davismouth
416,Wesley Roberts,jennifermorgan,christina67@yahoo.com,R+U5iFnCOz,New Gabrielle
417,Antonio Rodriguez,taraweber,millermark@gmail.com,W+OO0Vng%E,West Michelestad
418,John Glover,brianna86,kellyherring@hotmail.com,#^0D21dH$c,Shawton
419,Paul Bradley,davisjonathon,jrodriguez@gmail.com,ykytB(Wj%8,Claytonfort
420,Angel Wilson,jarmstrong,igraham@gmail.com,q8IGPIdh@#,North Adamhaven
421,Tiffany Rose,kaitlyn04,hickmankatherine@gmail.com,YaEE7ZTp$c,Sampsonberg
422,Joshua Reynolds,stephanie29,bernarddanielle@gmail.com,j@wRD(Hr(7,New Markborough
423,Kathryn Barnes,christopher59,ronniealexander@yahoo.com,#YHG7hMi8l,New Gina
424,Eric Martin,james97,rossjohn@hotmail.com,)49!3Sg+)&,Port Cynthiafurt
425,Carl Vaughn,davenportbradley,faithdixon@gmail.com,msE99FaN$$,Stevenstad
426,Jerry Luna,marybaker,bradycorey@yahoo.com,nuPsHqhv(1,Port Leslieburgh
427,Lorraine Young,twoodward,charles81@yahoo.com,&%QZ5UAsl@,West Olivia
428,Marilyn Baker,rpatton,acharles@gmail.com,+_fWq*Bwa5,West Tamara
429,Shawn Horne,velliott,troy76@yahoo.com,@9niKj*^8b,Patriciaview
430,Daniel Holden,emilyadams,vschmidt@hotmail.com,ye7Hi_De*4,East Robertchester
431,Leroy Hernandez,scastillo,deborah82@gmail.com,@_04Q%eNqv,West Joy
432,Joshua Smith,griffinkatie,kennethford@gmail.com,Of8XYd7r)G,South Patriciafurt
433,Timothy Smith,michellewilliams,hensleykelly@gmail.com,oNlg(3Pt(i,South Randy
434,Jordan Mendez,keith49,allenandrew@gmail.com,MI9Y(3bmG%,South Jeremy
435,Jodi Vaughn,devonhudson,waltersmichael@yahoo.com,(F%NW)cC&0,Port Aprilport
436,Donna Armstrong,leah39,matthew04@yahoo.com,)GC1KTjm7m,Perezstad
437,Jennifer Jones,lisa31,barbarahanson@gmail.com,o+LY9J7Xfu,South Jennifer
438,Ruben Thomas,davisalison,david20@gmail.com,_x4YvMIsNl,Joanneville
439,Sherry Erickson,crystalgates,jlee@gmail.com,F*Gk2SiR!B,New Barbara
440,Jacob Taylor,fosterchristopher,erin65@yahoo.com,(gY+2Htee*,North Danieltown
441,Paul Kirk,hannahjenkins,zsalas@hotmail.com,5nJIEWEI%8,Georgestad
442,George Thomas,marcus39,gmorales@yahoo.com,Yu!V4V4ehu,Johnsonhaven
443,Wendy Kennedy,knoxlaura,burkeamy@gmail.com,5N#mEcIx_j,East Coreyside
444,Ruth Ortiz,claire76,austinkelley@yahoo.com,@Vq9J0b06x,South Lisaburgh
445,Warren Andrade,jose35,wilsonnathan@yahoo.com,(qyCtRnb*7,Port Bradleychester
446,Stephen Patel,marie63,juanmiller@yahoo.com,%m6Cad)s_@,Gateshaven
447,Patricia Nielsen,donna99,scottperez@gmail.com,U@7+qWafN5,New Dillonberg
448,Rebecca Hill,dcain,tnguyen@yahoo.com,%4e0TrV@c6,North Christopher
449,Alexandra Chambers,choikatherine,cbradley@yahoo.com,A^9NPfnDiQ,New Meganbury
450,Mrs. Margaret Martinez,lolson,zbrown@yahoo.com,yUF@I94t$9,Leblancfurt
451,Bruce Duke,lorinash,brendanbecker@yahoo.com,m60bPTdpd+,South Jeremyton
452,Anthony Smith,bentleyrichard,ggarza@yahoo.com,*E08WVp2(o,Lake Janetberg
453,Nicole Jones,frodriguez,hayden25@gmail.com,Hwt1Sl3V2),Robertside
454,Dwayne Jones,debrafranklin,jennifertanner@gmail.com,X)c24lTo$),Port Lisa
455,Mary Jones,idaniel,brownwilliam@hotmail.com,j2ExqsGB^8,South Gregory
456,Marisa Gonzalez,larrytorres,alisonsteele@hotmail.com,18sql8Bt%g,West Jamiemouth
457,Nicholas Marshall,yvonnegonzalez,melissajordan@gmail.com,pPeSyo_x!0,Ericaview
458,Alisha Lopez,valeriegonzalez,kimberlypittman@yahoo.com,u6NU4mn!$X,Port Michelle
459,Eileen Graham,jessica58,whitebradley@hotmail.com,L%a7OsaJ3O,Lake Jennifer
460,Brandy Hernandez,fmiller,kennedychristopher@gmail.com,&86GX#NqFg,South Kristenside
461,Mark Williams,robertlogan,lmason@hotmail.com,I2*1$QCI%x,Rodneyville
462,Shawn Wilcox,apowell,gthomas@gmail.com,$51ad)Qwe*,Port Jamiehaven
463,Julia Edwards,davidwilson,alexander38@gmail.com,%3bGTmUA#o,East Patricia
464,Carla Hoffman,drewgonzalez,madison29@gmail.com,!6DVEQ!QZt,Dianeshire
465,Dennis Dillon,jchavez,mitchellarellano@gmail.com,sY(5Tjnc2^,Pierceville
466,Brittany Powers,yvilla,andrea30@hotmail.com,c0lsdLok#@,Port Angelicatown
467,Eric Gordon,harrissharon,cameron04@hotmail.com,MoP2CO(o3(,Gregoryport
468,Jennifer Guerrero,stacey03,jimmyespinoza@gmail.com,+p6UvQuZgI,Elijahmouth
469,Michelle Patrick,iangrant,rachelford@hotmail.com,BHNsI!qn_2,Davidton
470,Barry Davis,jefferykennedy,doyleamy@gmail.com,H)Cd63kaZF,Lake Patriciaville
471,James Porter,gfischer,richardpeterson@yahoo.com,6m8yLXah!_,New Scott
472,Lisa Carter,ann31,dfernandez@yahoo.com,wJN3NJ#9%9,Lake Rita
473,Taylor Williams,lopezamanda,patricia75@hotmail.com,t)E7zBJqHD,Port Miranda
474,David Wolf,campbelltracy,patrickdonaldson@yahoo.com,*ZISJn_r$3,Grantview
475,Peter Webb,robertmcguire,david45@yahoo.com,#6Xe@2oPDh,West Aprilville
476,Jessica Martinez,rrodriguez,jilljimenez@hotmail.com,!(q7UTkqif,North Glendaville
477,Curtis Allen IV,doylebrianna,bradley56@hotmail.com,s%83MRlw5L,East Jameston
478,Mrs. Amy Suarez,zbarker,michellecamacho@hotmail.com,!*+M%dPqw4,Tylerton
479,Stephanie Miller,caroline42,johnstewart@gmail.com,con^2Qjm&),Chaneyside
480,Stacey Lopez,kevinmartinez,taylorjoseph@gmail.com,M$(7yzRf1x,Port Ryanchester
481,Stephen Allen,courtney47,sandersemily@gmail.com,@J0^Z6niGr,North Andrew
482,Carl Lin,ecampbell,annenavarro@hotmail.com,B%8#tZpG+0,New Susanport
483,Timothy Campbell,jeremyburton,matthew65@hotmail.com,!78*l6Pg5q,Toddport
484,Benjamin Sanchez,parkermargaret,collinspamela@hotmail.com,#7*eHIenW2,Port Michaelborough
485,Michael Parker,millerroberto,mhartman@gmail.com,_003MooZ)G,Dorothyhaven
486,Theresa Johnson,matthew84,sherrigray@gmail.com,_562W3Islm,Millerchester
487,Craig Hernandez,benjamin43,jonestabitha@yahoo.com,6ptEj_Sg&$,South Martinmouth
488,Mrs. Lauren Baker,williamadams,samanthavaughn@hotmail.com,S61QCJk&#+,West Vincentfort
489,Paul Ortega,eringreen,michael33@yahoo.com,u(gGOWzq_2,New Glennton
490,Theodore Powell,crawfordgregory,greersusan@hotmail.com,#1qODgbie0,Port Michael
491,Sara Olson,jonathan26,salasmichael@hotmail.com,@bvn4aFuq^,Steventown
492,Kelly Rice,davidjones,hhunter@gmail.com,R^17WN6d*L,Lake Curtisland
493,Douglas Roy,martinezharry,gerald54@gmail.com,(pTH*Qd14v,Julieville
494,Amber Hopkins,thomas69,steven02@yahoo.com,e*EUN81byP,Sosafurt
495,Maria Hall,mgriffin,michael71@gmail.com,+&QjTVcx*5,Sarahtown
496,Tina Esparza,johnsonkathleen,angelawilson@gmail.com,+KAOhYwD1y,Lake Rebecca
497,Kimberly Ruiz,rickytorres,april89@yahoo.com,o4Y6tlIj%Q,Lake Michaelhaven
498,Rachael Haney,eric49,sanchezkelly@gmail.com,!pW(F+Mg&3,Westmouth
499,Kathy Vaughn MD,shortjoshua,kelly85@yahoo.com,_%&#RM^qd7,Lake Michelle
500,Kathleen Mcdonald,jeffreysnow,tbuchanan@yahoo.com,_lN1P1#RN7,Bradchester
501,Matthew Baker,ybrock,elliottmichael@hotmail.com,Z%0O(Jf6GU,Walkermouth
502,James Leonard,zclarke,zlopez@hotmail.com,@QVJ%VeIL3,Howardshire
503,Mark Martin,michael85,rodney81@yahoo.com,unGzNPPa!2,Ryanview
504,Alicia Sharp,jcox,richard28@hotmail.com,%(Zc!QJjw9,West Jamesview
505,Gregory Hernandez,amber98,agonzalez@hotmail.com,s*Ty14XhQz,East Arthur
506,Lisa Roberson,andrewle,hjohnson@yahoo.com,HC9*u6djz@,Ericksonville
507,Jeremiah Rhodes,erussell,eric46@yahoo.com,iK0zn(Ci_0,Jessicaport
508,Thomas Allen,mjones,johnny76@gmail.com,z6BCDSzw^0,Ramosview
509,John Douglas,mevans,ronald71@gmail.com,R+@KA9XKif,West Nicholasbury
510,Teresa Parker,meganpeterson,ryan66@gmail.com,Ym6du3Jh2$,Marshallport
511,Luke Allison,hansendavid,qsmith@gmail.com,gMa1KvKe$2,Michaelside
512,Lindsey Oconnell,kellyjohnson,npierce@hotmail.com,(l7TNp4c(l,Donaldton
513,Heather James,ivazquez,olsonjesus@hotmail.com,(41HAn+xTo,Sanfordton
514,Amanda Myers,brownrachel,morenokeith@yahoo.com,gr8%2RenCW,South Jenniferville
515,Benjamin Smith,jamesbuckley,laura07@gmail.com,&2IccwrK*u,West Dawn
516,Paul Gallegos,crystal45,michellerivera@yahoo.com,QlDT$Zej!4,Fletcherstad
517,Michael Rogers,ssalazar,enewman@yahoo.com,*1^Knt*_6Y,New Alexport
518,Lee Lucas MD,jacobanderson,jacksonjacqueline@hotmail.com,)4bHut%tr1,West Benjaminborough
519,Luis Mann,ramirezmeagan,stephaniemonroe@gmail.com,&^&r2Lsu0!,Graceland
520,Carla Johnson,alan39,ericheath@gmail.com,9tpNAw5)^^,Palmerview
521,Cynthia Pearson,john92,paigemedina@yahoo.com,QI!Dlgr7%5,Troyside
522,Nicole Wright,garciajason,charlesowen@yahoo.com,lSXR0Cxl(1,Larryfurt
523,Tanya Parsons,wrichardson,qolson@hotmail.com,X#8bjENkrI,Gloverhaven
524,Joseph Garcia,brandi90,johnmartin@hotmail.com,&5$O@7@tp8,North Maria
525,Ronald Larson,ricardo22,jessicaross@hotmail.com,(7QtEHws(5,Williamsstad
526,Justin Crane,edwardsmelanie,jdelgado@hotmail.com,34(UewuQ*c,Joneschester
527,Richard Harris,mbryant,davidroberts@gmail.com,!U5NZlZgu!,Marshallburgh
528,Casey Martinez,collinsdana,duanesexton@gmail.com,@_%1UTtnr4,West Kaitlynburgh
529,Eric Harper,jennifertapia,williamsjames@yahoo.com,aRY2Hwxb$%,Port Williamton
530,Elizabeth Mason,sydney55,jgomez@hotmail.com,w$Oda9d)^3,West Nathanland
531,Bradley Luna,janice88,williamblair@gmail.com,L2)TtYRZ)3,Port Bobville
532,Marisa Burnett,holson,christian81@yahoo.com,lQi39Xcga&,Kochfort
533,Rachel Herrera,davissamantha,mitchelldavis@gmail.com,e$XMtEQh(5,West Peterberg
534,Kristina Arroyo,vthompson,georgesmith@hotmail.com,1!6fKwpNrA,Murphyside
535,Cindy Jefferson,hernandezerin,jacob29@hotmail.com,A!QGa8AHgf,Lake Melanieside
536,Scott Davis,carl94,paul27@hotmail.com,l%O9rTcOBM,Quinnhaven
537,Elizabeth Davis,gonzalezkim,fpatterson@gmail.com,*X2QW%b+)8,Margaretborough
538,Deborah Spencer,laurie61,james69@hotmail.com,#jXMv8PwBJ,East Katherineside
539,Rebecca Glenn,christopher12,andrewbrown@gmail.com,k3WIN7fF*I,Taylorbury
540,Heather Lopez,alexandraosborne,ysantiago@yahoo.com,4%M8SZDusn,Elizabethfurt
541,Diane Gonzalez,jennifertorres,john65@hotmail.com,%kJ8%LHy%H,East Dustin
542,Andrew Munoz,ryan95,michael88@hotmail.com,!0+tbACnB^,Paulland
543,Jonathan Bailey,bakerbarbara,ustewart@yahoo.com,^%z34BIcAN,Alyssamouth
544,Christopher Kelly,allison63,westgeorge@gmail.com,D))2Ct8cht,Jonesmouth
545,Mark Perry,graymiranda,victorkramer@yahoo.com,XwKdMI)h&0,East Jennifer
546,Joel Owens,dianemullins,gabriellesmith@gmail.com,!22YRaNoh8,South Linda
547,Joel Bates,qchapman,paulbrown@yahoo.com,#9O2W0Fs$+,Figueroamouth
548,Jeremiah Howe,mckenzierobin,davila@hotmail.com,@$1JyL$Tb^,East Alisonside
549,Jeffery Ward,prestonmichael,qjohnson@gmail.com,p$24aQeD$V,Rodriguezchester
550,Autumn Allen,kwashington,jacqueline84@gmail.com,&9PUJlvDKn,South Emily
551,James Brooks,benjamin09,mitchellamber@yahoo.com,+d4Ka5fDgY,Katrinaborough
552,Raymond Alexander,kellygay,jamescraig@hotmail.com,$8f9tH@s$q,Port Kevin
553,Christopher Benton,ethanbrown,alyssawilson@gmail.com,PdzM4Pi^g^,West Amber
554,Nichole Hall,rhondawright,herbertbarber@yahoo.com,@5Rb%ncLp@,Lake Allison
555,Jenna Curtis,davidcook,jordananthony@hotmail.com,i^k#$1ju*P,Port Davidchester
556,Lisa Graham,kelly14,jaimerobertson@gmail.com,Yj2Z_av$F^,East Lisa
557,Brian Patterson,nrobinson,richard38@gmail.com,q70^D$LyF*,South Carla
558,Amber Shaw,vcarey,hernandezadam@hotmail.com,39H!NNzz_e,West Brittanyview
559,Joshua Graham,diazadam,wilsonchristopher@yahoo.com,yt1Ed2DS*E,Garciamouth
560,Jenna Shah,glopez,robert11@gmail.com,H3io5&kl^w,Lake Stephaniebury
561,Dustin Romero,hannahbenton,joshuacole@gmail.com,^7iM9jZiXp,South Brandiberg
562,Cheyenne Thompson,kathryn48,sarah10@gmail.com,!qTLgnwL30,Port Margaret
563,Larry Fields,andreaclayton,jennifer92@hotmail.com,&xE@Kfbx2g,Brownport
564,Jessica Williams,holmesbianca,harveylaura@yahoo.com,*vRZrFRM24,Guerratown
565,Derek Lewis,omeza,staffordbrooke@yahoo.com,P#6$JtppcH,East Amber
566,Julia Contreras,wnorris,adamsgary@yahoo.com,V0f2^@Ml$1,West Victorhaven
567,Pedro Long,joshua45,patriciadillon@gmail.com,TWh&4RcSTr,West Christopher
568,Scott Lewis,taylorjeffrey,mallory49@yahoo.com,)TvCHjQw2k,Moraborough
569,Laura Franco,gfrazier,kingheather@hotmail.com,6LCjM1Fa#0,South Donnaport
570,Thomas Deleon,jasonramos,jeremy51@hotmail.com,JyC7l7Bka+,East Paul
571,Susan Myers,brandycarey,juliahooper@yahoo.com,JU4ZnoHjQ$,East Kayla
572,Jessica Brown,tina43,patrickadam@hotmail.com,RZ7gS6fh$%,South Chelsea
573,Michelle Reed,csmith,ghunt@hotmail.com,$)tIlFQtY9,Port Teresahaven
574,Cynthia Graham,thompsonjessica,anthonyholland@yahoo.com,$2Bb7c*^J%,Cassandrabury
575,Peggy Moore,vmcintyre,dylanhooper@gmail.com,ocsQrbc0$0,Timothyberg
576,Karen Proctor,tcoleman,udodson@yahoo.com,p158EEXg&(,West Pennymouth
577,Miguel Shelton,laurenboyer,martinezbradley@gmail.com,^Y7^SQQn!$,Port Timothy
578,Randall Tucker,yunicholas,pinedarobert@yahoo.com,*1C#tSQv@E,Timothymouth
579,Michael Jones,heidivasquez,nnelson@hotmail.com,aK@5Afp4og,Thompsonmouth
580,Matthew Sanchez,ahiggins,rodneyburke@hotmail.com,_6AUgM_sj+,Whitemouth
581,Amy Kelly,kimcasey,angelairwin@yahoo.com,Y&k7OKsXdn,New Trevor
582,Jane Austin,roachtina,deleonlouis@hotmail.com,IK#q9KrzcV,Derekshire
583,Travis Padilla,ryanjones,amartinez@hotmail.com,_(C11EEdy@,West Michael
584,Erin Brown,rgutierrez,rose16@hotmail.com,#p%8RJjjm_,East Peterview
585,Christopher Rodriguez,christopher00,keaton@yahoo.com,35eAZsWt_5,Port Bill
586,Candice Steele,michael59,larmstrong@hotmail.com,q9KA5205^0,New Kellyburgh
587,Michael Hamilton,rebecca37,bwhite@yahoo.com,(4SKoYa#F^,Brucestad
588,Nicole Li,arthurshepard,kevinlong@gmail.com,Uz%!#^bM)8,Lake Kevin
589,Jeremiah Chandler,williamskenneth,jamesparker@yahoo.com,j$@4BOp*8P,South Thomas
590,Jennifer Singh,ericaustin,gilbertmary@gmail.com,Hl)_ijAh)3,East Linda
591,Terry Cross,joshuaallison,mjones@yahoo.com,h!y6P3fwH_,North Anthonymouth
592,Amy Banks,tyronesalazar,luisaguilar@gmail.com,%AYGaDZch6,Lake Joshua
593,Tiffany Tran,nicolemcgrath,samanthatownsend@gmail.com,Y#2oQY!rpx,Nicholasmouth
594,Travis Wilkerson,kimberly31,davidfischer@gmail.com,(Y4wQ*mPqx,West Barbara
595,Samuel Patton,victoria36,ujones@gmail.com,Nsw4S4Rd#^,North Scott
596,Stacy Aguirre MD,edwardsjessica,tharrington@yahoo.com,CkD4YO&5c*,South Manuelbury
597,Lisa Harrison,edwardpowell,dchristensen@gmail.com,f)#i8YtM2B,New Douglasport
598,Megan Wilson,ubarajas,khernandez@hotmail.com,$Q8SOBXd+1,Gordonburgh
599,Michael Burns,mwilliams,djones@gmail.com,iSC5IyUi#j,West Sallychester
600,Christina Ross,mcdonaldpaula,cobbrebecca@hotmail.com,7$5#Cnp@!p,North Amberside
601,Justin Young,derekkey,michaeljoseph@yahoo.com,!bgKIf2F%3,Hillhaven
602,Lacey Dawson,cwerner,jonathan81@hotmail.com,X*2ZNxtH5G,Mackfort
603,Anita White,christopher87,rsmith@gmail.com,!3I@XhiFlP,Lake Christine
604,Cindy Wells,tschneider,rickywilliamson@yahoo.com,RQ7ksEQm&8,West Gwendolynstad
605,Kimberly Pitts,ktaylor,ashley66@gmail.com,#yta5WxAe2,North Rubenberg
606,Chris Underwood,leonarddaniel,duaneberger@hotmail.com,%%oAUGv8*6,Port Lisaland
607,Michael Williams,harrisamanda,matthew41@gmail.com,N@J4&3su_6,South Chad
608,Nancy Fitzpatrick,crystaljones,qhall@yahoo.com,*4Zdk#lFlZ,West Jessicaland
609,Michael Mathews,baileycathy,christophersullivan@hotmail.com,IK3U_8vu!d,Amyhaven
610,Tiffany Cabrera,timothy92,martinkristy@hotmail.com,zV04hC7m*(,Cookmouth
611,Wendy Gomez,xgarza,kara53@hotmail.com,W97tAGsx@a,South Ryanfort
612,Elizabeth Mcdonald,christophercarter,alistephanie@gmail.com,!4OXqJwV&O,Mcbridemouth
613,Kathryn Smith,robertsonrandy,michael07@yahoo.com,(8Io%aFKRd,Lake Brittany
614,Curtis Coleman,wilsonjim,lynnrios@yahoo.com,77NS3ldW!p,Jefferyshire
615,Christie Stone,xsims,tommy58@gmail.com,nP1*0Ccpk$,South David
616,Michael Gross,ashleywiggins,diana44@yahoo.com,v53ZJnQz_U,Kathleenland
617,Sharon Farmer,kanderson,lanejason@yahoo.com,PrhU0N@!L),Port Rhonda
618,Christina Li,morgan14,michaelsolomon@gmail.com,*44GZk0qE1,Johnsonville
619,Travis Hodges,kaitlyn31,fdunn@gmail.com,)iMAPXyaN1,Robbinschester
620,Dr. Mario Jenkins,bobbysolis,hhernandez@hotmail.com,(GExN!%u4Q,North Joseph
621,Michael Villa,sperez,vmartin@gmail.com,^XwGB*If(3,New Nicholasside
622,Anthony Ramirez,harringtongeorge,vgates@hotmail.com,Iu*u8Kzk3q,Lake Amanda
623,April Barber,pamelahart,nathanwilliams@gmail.com,G03U8bI&%l,Nguyenfort
624,Isabel Santos,mblack,wattsvalerie@gmail.com,03ROg#KS@*,Pearsonfort
625,Matthew King,holderlindsey,gileschristopher@hotmail.com,cM$0OW8egb,North Hayley
626,Linda Gutierrez,burketiffany,kmarquez@gmail.com,D96QsdyT*C,Port Kyletown
627,Michelle Boyd,laneeric,petersdouglas@yahoo.com,G1*TjUmi&S,Lake Catherine
628,Leah Pearson,elizabethmatthews,jacksonjames@yahoo.com,v0UlaBrb)e,Natashastad
629,Karen Moss,adavis,dudleybill@hotmail.com,JZ$2XluUNT,Hoopermouth
630,Cynthia Dixon,thomasharris,walkerjames@yahoo.com,b)_T6#IoRX,Thomaschester
631,Thomas Mora,ywalter,dreed@gmail.com,vOr9A0Yr@_,Gabrielhaven
632,Victor Blake,carriefarrell,whitakerbarbara@gmail.com,&TNnxhGrz0,Lake Bradley
633,Todd Adams,diazmelanie,maureen99@yahoo.com,+9TowT9m+R,Lake Evanport
634,Angelica Wilson,cdavies,henrydrew@yahoo.com,&9ZplUaNDb,Lake James
635,Janice Henry,vanderson,zacharyflores@yahoo.com,Yb*4Wpo@yZ,Lake Charles
636,Barbara Mayer,tammywolf,paulmathis@hotmail.com,W%7AVk#u@@,Johnsonshire
637,Brandon Caldwell,kmcdonald,josephanderson@yahoo.com,3_$IH6tR#s,South Alicia
638,Mark Johnson,michelle13,christian77@hotmail.com,e6k+KuO3#D,Johnport
639,Emily Rosario,rogerschristopher,michaelsmith@yahoo.com,$66#0#Cay^,New Jared
640,Marcia Lucas,taylorzachary,jason13@hotmail.com,*4oJj+Jqfn,Stewarttown
641,Ryan Vargas,ruizderek,wagnerchristina@yahoo.com,#TC3hQDn4*,Haleymouth
642,Mark Gomez,michelepruitt,gabriellegarcia@hotmail.com,m3mkZ1xs%q,Brookeborough
643,Ashley Rhodes,solomonrichard,dwayne31@gmail.com,%%6vgJCjc0,Michaelshire
644,Mark West,dylanhutchinson,kforbes@yahoo.com,(V4X%Kk#_(,Brownfurt
645,Michelle Greene,ccarter,bgiles@hotmail.com,^r!9uLbp)f,Lake Lisa
646,Amanda Cook,cynthiafischer,alexis61@yahoo.com,(rM#6RlT&0,Port Teresatown
647,Ryan White,dean08,drobinson@yahoo.com,hr*4Yvmj3v,Craigview
648,Luis Brown,sjohnson,kelly21@yahoo.com,^Yj^11lfN3,Port Alyssa
649,Melissa Olson,lsimmons,brianna85@gmail.com,A*)5MBhwWW,Cynthiabury
650,Angela Weiss,gary38,jerry52@hotmail.com,v++d+3TzJF,South Theresa
651,Brian Howell,ubrown,millerpaul@yahoo.com,g11R2ScJ!o,Beckbury
652,Cameron Mitchell,robinking,jamessimmons@gmail.com,!80U3J#8i6,Perryfurt
653,Wayne Robertson,rita27,snelson@yahoo.com,7k04h0N!r*,Whiteborough
654,Jessica Sullivan,vsimpson,kylemcintyre@yahoo.com,faPuwpj1_3,North Lynn
655,Tracy Benton,antonio29,jamesprice@yahoo.com,L3Myo09@$Z,Markfurt
656,Julie Day,dlewis,vazquezlisa@gmail.com,&6BZ*TaFEr,Port Derekburgh
657,Maria Kelley,cynthiawood,joshua41@yahoo.com,0$5cZPVuhw,Lake Sarahville
658,Joshua Hodge,joellucas,malonejeffrey@hotmail.com,t!@$5SRnL!,Willisville
659,Margaret Cline,mcculloughscott,april17@hotmail.com,(4S$MOd^xb,Matthewberg
660,Jordan Manning,christopherfoley,connie20@gmail.com,+8ATukJH9V,West Melissaport
661,Raymond Taylor,howardtodd,kimberlywoods@gmail.com,QU@6fCqicR,Port Frankfurt
662,Gary Mcdaniel,fernandezscott,hickskatherine@gmail.com,v8rEU)nz%b,Port Erin
663,Jennifer Woods,brandygarcia,rachelmalone@gmail.com,%T^4hZKcdk,North Randy
664,Amy Brown,wli,brittany43@hotmail.com,+Ak1O4Mpc(,Jacksonland
665,Keith Hayden,gutierrezvalerie,kathleencontreras@hotmail.com,$nYm5T!#c5,Johnsonton
666,David Stokes,jill71,bgomez@hotmail.com,pKX5HbwET%,Hallfort
667,Mr. David Medina,kimberlyreyes,kevin03@gmail.com,^9D^)MpqTG,North Pamelaberg
668,Mark Elliott,brettmeyers,denise41@gmail.com,okn8NNrg^b,Jenniferberg
669,Kyle Cortez,christopher38,campbellkrista@yahoo.com,Qm%5TMGx8%,Port Juan
670,Amanda Turner,jerry95,xwilliams@yahoo.com,L2rj8UzTv%,Dwaynechester
671,Caroline Boyd,tanyalawrence,williamstodd@hotmail.com,%g9HksbS+r,Port Alvinmouth
672,Tyler House,lisa00,danielle52@yahoo.com,!v8LAilo@$,West Garrettmouth
673,Stephanie Willis,michelleleblanc,jill58@yahoo.com,w0BPLESu+V,Prestonville
674,Savannah Fox,austinmartin,higginssteven@yahoo.com,(K1Pl$NnDu,North Francis
675,Jimmy Ramirez,crystal57,mcculloughjoseph@gmail.com,@k6&HxcvCY,New Maria
676,Melissa Wright,suttonerica,gonzalezsusan@hotmail.com,*4E#V)3nWI,North Audrey
677,Michelle Holden,veronica65,gharris@hotmail.com,l9C)0GHl%#,Chavezmouth
678,Vanessa Farrell,deniseguzman,kimberlyhiggins@yahoo.com,8*a6Qx6Z(W,Matthewsshire
679,Ronald Cole,marywalker,thomas06@gmail.com,%jr4LxkcyV,Staceyfurt
680,Kimberly Rodriguez,phillipsemma,erica57@hotmail.com,Bd6c2Cu&#0,Lake Andrea
681,Christopher Ochoa,audrey49,jasoncrawford@gmail.com,@(6WhKyvW9,Jerrymouth
682,Christopher Santos,castanedastacie,elizabethsmith@yahoo.com,z%nQud#e&9,South Christine
683,Susan Miller,achambers,cfitzpatrick@hotmail.com,J30f^7VeMQ,East Kimberly
684,Angela Jones,annharris,vhawkins@gmail.com,&X0WySRy)$,Tracyton
685,Alejandro Carpenter,currydeborah,christina26@hotmail.com,*9E1%eqzfJ,Taylorborough
686,Mark Carpenter,amanda39,milesannette@hotmail.com,+_khTSQa)2,Lake Elaine
687,Robert Peterson,glowery,fmcintosh@gmail.com,HCm5I)p_&g,Mendozamouth
688,Elizabeth Lopez,bburton,starklindsey@hotmail.com,l@5A3@w2L5,West Anneland
689,Sarah Johnson,timothy38,megan67@gmail.com,!JJE!yfB34,East Robert
690,Christopher Hernandez,lphillips,gordonaaron@yahoo.com,&e2Ubr7F6u,West Ashleyshire
691,Diane White,jmiller,todd18@hotmail.com,&77Z0o+el6,Lake Cindy
692,Travis Arroyo,phillipwood,travis18@yahoo.com,^D8pMne2zC,Lake Wendy
693,Natalie Vaughan,larry26,zpierce@hotmail.com,#F3LUUqf4n,Port Joseph
694,Jennifer Black,kimberlymendoza,cannonkaren@yahoo.com,7#Z7K2dKVq,Vasquezstad
695,Valerie Ross,swillis,rpatel@gmail.com,#(Edn(fe(5,South Ronnie
696,Rodney Holt,deborah65,katherine47@yahoo.com,Oq9VUf^_!!,Christopherstad
697,Dr. Eric Cooper III,christiegilbert,bellbrandon@yahoo.com,Z7!SYzqi%_,Kenthaven
698,Anthony Chavez,afernandez,sabrinamitchell@hotmail.com,!8@$BTQpat,New Melvin
699,Allison Bennett,jodyscott,debra15@yahoo.com,w&IzgmDJ)5,New Josephhaven
700,Gabriel Jones,wardjohn,carl85@hotmail.com,$fLeQl$U7N,Christopherview
701,Vanessa Smith,cgreene,andrea37@yahoo.com,1f(Bj9Id)_,Hannahview
702,Tiffany Ramirez,stephensmith,emily53@gmail.com,ILTdP2Vy3_,Annaview
703,Michael Cruz,rodriguezantonio,jerrybeck@gmail.com,8&7LOm66C*,Lucasborough
704,Tanya Snyder,juandavis,tlambert@gmail.com,s(3lZOwi&Y,East Stephaniebury
705,Sharon Shannon,sanchezeric,darren90@gmail.com,y_870K8e9m,Lake Brandonfurt
706,Julia Gallagher,timothymckinney,kaitlyn00@hotmail.com,Kzb3Pqt9o_,Port Jennifer
707,Kelly Wade,leeamanda,kylejones@gmail.com,TZYCwSbR*3,South Jasonborough
708,Brandon Russell,stephanielawrence,eferguson@hotmail.com,e_3ZH4ci@p,Lemouth
709,John Lowe,lopezamber,spencekayla@yahoo.com,$*8IAkQ&Ui,Lake Jamesmouth
710,Kyle Dorsey,daryl89,bakerchristine@yahoo.com,+4MboXSutO,West Travis
711,Michael White,sheryl28,joshua74@gmail.com,_T*Dpd)xm8,Jamesport
712,Linda Smith,chines,garrisonduane@yahoo.com,)Atu9N@j&d,East Carrie
713,Holly Cobb,ryangardner,danielle12@yahoo.com,B!g17Gtm4b,Boothbury
714,Michael Robbins,scotthernandez,ymcintyre@hotmail.com,*lxfSjpxn7,Deckerland
715,Kelli West,danielbriggs,bakerbrandy@yahoo.com,!vF7EgyR_w,Loriview
716,Jamie Garcia,christensenthomas,jasonowens@yahoo.com,@Ev(A5rl5F,Perezside
717,Robert Martin,catherine80,xcarroll@gmail.com,#xXvk9^tR5,New Erin
718,Michael Andrade,rodriguezkatherine,william70@hotmail.com,!3IPYCad*1,Lake Brettberg
719,Katie Newman,kristatapia,kevinguzman@yahoo.com,1#p7&EK7(a,Friedmanview
720,Crystal Fletcher,terrance53,hcohen@yahoo.com,&!d4V$og4n,East Gregg
721,Jessica Watson,kholloway,ldavidson@yahoo.com,%)RCPi(qh7,East Anne
722,Vickie Sanford,susancarr,heathergonzalez@gmail.com,&6UAXZXf7z,Jenniferhaven
723,Adam Jennings,mullinssteven,mooredavid@hotmail.com,@l1JNts!tv,Port Crystal
724,Bryan Jackson,brettchavez,jennifer28@hotmail.com,4jF(Q_j(@9,Marthabury
725,Charles Watson,dominique22,jennybautista@yahoo.com,w%w3dMibkh,Vaughnshire
726,Stephanie Li,marcusthornton,fordjacob@hotmail.com,ySk44%Gig$,West Jay
727,Maria Bernard,markkelly,toddmitchell@hotmail.com,*9JjuiYor!,Frazierfort
728,Michael Gonzalez,brooke38,carriebriggs@hotmail.com,!$6kIajmm1,Jacksonfurt
729,Robert Williams,turnerjasmine,porterkimberly@yahoo.com,XA3_IAZn)(,Harrisonville
730,Amy Mills,dawnsanchez,danny81@yahoo.com,_%5QhL(f(e,East Tyler
731,Annette Simon,woodsandra,tgregory@yahoo.com,oDDcNOi()2,Charlesborough
732,Scott Brooks,phillipskimberly,tevans@gmail.com,)Q_U7Rzf!7,Paulport
733,Gregory Jones,stephenmoore,ssimpson@yahoo.com,SQ6gXKuCd&,Samanthahaven
734,Caitlin Richmond,ashleypark,ucrawford@hotmail.com,))8T*BAbP_,Sarahport
735,Teresa Gregory,xclayton,lproctor@gmail.com,!tM7KgCZ5&,West Debrafort
736,Barbara Roman,shirley34,kingwilliam@hotmail.com,u^51%ZJmL(,Austinburgh
737,Richard Shaw,laurarobinson,kiara47@gmail.com,@5+6RYkoI#,New Christinaburgh
738,Sonya Hicks,kurt56,james72@yahoo.com,_18)uRUr)t,North Kathy
739,Brandon West,jennifer82,patricia20@hotmail.com,(0BEZ&ZpC*,Port Danielside
740,Rachel Ross,wrussell,taylor67@hotmail.com,u(W7iHc^r9,Cookport
741,Roberto Wiley,gmckinney,heidi37@hotmail.com,KA(P(Is6)8,Flowerston
742,Alvin Vazquez,upacheco,sarahwalker@gmail.com,0RN_6AIfNI,Vanessaborough
743,Brittany Ashley,phillip11,shawcrystal@yahoo.com,x6MuK!H#!E,Tammyton
744,Robert Leblanc,sanchezlaura,steven85@yahoo.com,GXje(%Wi(8,Whitebury
745,Rachel Burgess,tonyamcbride,davidyoung@yahoo.com,EG7thQUnE!,Cainland
746,Brandon Wagner,wadealbert,dunnkyle@gmail.com,&0SpoYV&8K,Jasonhaven
747,Anthony Morgan,biancascott,dawn06@gmail.com,G)W4lEie*V,South Roger
748,Timothy Zavala,evan01,kelly82@gmail.com,h130TO&fb&,South Michealview
749,Troy White,oandrews,michaeldavis@gmail.com,+l1QxJT)H2,Annahaven
750,Susan Martinez,manuelstewart,jennahardy@gmail.com,J*T2_zRmYR,Port Brian
751,Kylie Gilmore,heathersmith,jasonmendoza@gmail.com,$!Ur8C7xht,Kennethtown
752,Abigail Reese,debbie85,iboone@gmail.com,O%8PWUjX6c,Garciaberg
753,Lauren Howard,crobinson,kevin28@hotmail.com,+^4VZq^pfK,Hudsonshire
754,Ronald Hawkins,qwelch,allen63@hotmail.com,Y)i7u0MyF!,Alexanderstad
755,Katie Chapman,danielbrown,zcunningham@gmail.com,5HS8UBtA(_,Port Valerie
756,Regina Bartlett,andersonchristopher,deborah48@gmail.com,j4HDbhiz$x,New Laura
757,Andrew Waller,owensearl,corey56@gmail.com,(4(oqgInH7,South Anna
758,Sara Allen,carlos04,benjaminbruce@hotmail.com,^WD9PrB4h*,New Phillipstad
759,Paul Anderson,stevenlam,danielle07@hotmail.com,NnjwYozn(4,Ritterfurt
760,Jason Sparks,lorraine04,michaelrivera@hotmail.com,^%DRThvg@1,South Caitlynfort
761,David Ramirez,yfrey,ngonzales@gmail.com,cT$7ARjy6C,New Katiehaven
762,Morgan Peterson,mcarter,bradyjames@gmail.com,@4(DqCN5Dq,Rodgerston
763,Andrea Moore,woodrichard,xhenry@hotmail.com,LQYS6J)c^t,Port Jameston
764,Joshua Ramos,martinlori,brenda11@gmail.com,#%DtVgyX7^,South Claudia
765,Harry Valdez,alewis,robertsondenise@hotmail.com,_x3kXsaLG),East Helenmouth
766,Andrew Sims,brittanychen,hmills@yahoo.com,aF41EErA(M,New Garyton
767,Daniel Gonzalez,michaelcook,brian99@gmail.com,6XZ5NmEP^F,Staceyshire
768,Scott Brewer,michael07,rfarrell@yahoo.com,%pvlhsJ%00,Mejiastad
769,Kendra Barker,gibsonpeter,catherinebrown@hotmail.com,))8aVHQn4u,West Chadfort
770,Jonathan Rios,jamesbenjamin,jacobkirk@hotmail.com,HjlOVjmf(3,Williamsmouth
771,April Haynes,malvarez,dmeyer@gmail.com,&35ycHt7bJ,Lewisfurt
772,Catherine Vega,veronica27,matthewadams@hotmail.com,&U_0Rru!ma,Port Stacyview
773,Joshua Henderson,diazjames,mooneycourtney@yahoo.com,36A#sspu#3,Jessicaland
774,Daniel Gardner,weeksvalerie,ronaldcase@gmail.com,@7FE&@FbPp,Randystad
775,Jeffrey Hernandez,ellisonalex,whitehunter@yahoo.com,DgHK&4Jb0+,Nathanielburgh
776,Andrew Sutton,melindahinton,jroberts@yahoo.com,+9Pqm%3mTI,Lake Michaeltown
777,April Johnson,brittany44,rporter@hotmail.com,_wok2MkPC1,Lawsonstad
778,Rhonda Rogers,ilyons,scottbarbara@gmail.com,5***dHLn&M,South Mark
779,Erica Holmes,warrenjoseph,chad13@yahoo.com,VO4!CsSN#i,Danielleborough
780,Jordan Morris,lhutchinson,ronaldwalker@yahoo.com,^Z!yoYJl0u,New Andrew
781,Bradley Oliver,myersrachel,ojohnson@gmail.com,hUflJba7#9,Pollardfurt
782,Nathan Jones,george64,karacooper@gmail.com,+12QGvPH%(,Allisonside
783,Sarah Allen,bryan94,padillamorgan@hotmail.com,u1a+T7CwxL,Port Beverly
784,Jennifer Crosby,arthur82,walterfarmer@hotmail.com,X0^4a5qm%8,Hillburgh
785,Rebecca Mccoy,troyfarrell,ypratt@hotmail.com,R&0+S05imz,Kimberlychester
786,Alexandra Vance,ocarter,brandy92@hotmail.com,+4_^DWehqd,East Blaketown
787,Antonio Bishop,russellhanson,stephen54@hotmail.com,gx9z5Qlj_d,Frankchester
788,Brian Jordan,myersvictoria,martinezkathleen@gmail.com,s69E2lRm#6,Jocelynview
789,Arthur Harris,carolynconner,melissaobrien@hotmail.com,%U6zcRjbO%,East Brittanymouth
790,Joseph Pace,donaldphillips,anthony48@yahoo.com,Oh99WC$xc&,North Kimshire
791,Allen Lopez,eross,sheltondavid@hotmail.com,*^BrMnu969,Lake Stephenborough
792,Daniel Holloway,harperthomas,kharper@gmail.com,&sLYvp(u0d,Rebeccahaven
793,Carrie King,nicolemorrow,timothy41@hotmail.com,x2H+*2gi(x,Port Johnfort
794,Samantha Montgomery,heathertorres,sandra91@gmail.com,ZJLa5ZBo$y,Sandytown
795,Travis White,tbrown,evanstokes@hotmail.com,wuT@P_b@*9,Amandafurt
796,Allison Green,edward79,jacobalvarado@yahoo.com,^!SKv0vhd4,South Joshua
797,Alicia Shields,williamriley,brianna14@gmail.com,@40xNoHj_w,Lake Jonathan
798,John Hernandez,stevenwilliams,tommy32@yahoo.com,b8HcKD7I#f,Ronaldberg
799,Terry Stewart,harperdaniel,jacksonallen@hotmail.com,k4VCfCKS^3,Marissaberg
800,Bryan Bruce,michaelbrown,weberjoshua@yahoo.com,$9#$X6&Ndo,East Darrellstad
801,Tiffany Williams,dsampson,michael96@yahoo.com,yN1Vn^&NY_,North Lisa
802,Stephen Bernard,david72,carterbrandy@yahoo.com,m+n5Br()VQ,South Tyler
803,Nathan Cohen,daniellehill,tyleroneal@yahoo.com,(8B8X2whQ%,West Melissaville
804,Monica Cortez,mcortez,smithanita@gmail.com,&(5HyuS8Z),Port Scottview
805,Maria Gibson,tthomas,kphillips@hotmail.com,8i*CWXnd+j,Lake Cherylberg
806,William Soto,sandrawhite,taylorjeanne@hotmail.com,*w2J64eoyi,East Nataliehaven
807,Michelle Davenport,nicolesmith,michael96@hotmail.com,Zu9@OHTkA),Jonesborough
808,Robin Lee,nelsonlisa,carl14@hotmail.com,ScD1EkrVR+,New Elizabethbury
809,Christopher Mcintosh,michael14,ruizchristopher@hotmail.com,R!+3Epfz6I,Hardingtown
810,Mark Alvarez,hnewman,gonzalezdaniel@gmail.com,7vEYRWql$9,Port Jacqueline
811,Daniel Watkins,iwest,saraedwards@hotmail.com,!P5He!UcLm,Meyertown
812,Sandra Hunter,jeremiah21,simsjames@gmail.com,^f133ZJtt$,West Frankview
813,Jessica Ferguson,cherylmitchell,xrasmussen@gmail.com,%2m(YNNaok,Hernandezbury
814,Robert Harrison,popekelsey,teresa23@gmail.com,h_X4Cy%iWb,Theodorehaven
815,Lisa Caldwell,taraburnett,luismccall@gmail.com,O*6Oveh4Qi,New Alan
816,Timothy Garcia,banksjasmine,blakehudson@hotmail.com,T)61SqKCDK,Lauramouth
817,Monica Caldwell,zmcgrath,william48@gmail.com,+S2qGVLfdM,Chrisberg
818,Sandra Hernandez,qarmstrong,davisheather@gmail.com,KADxGrt%^0,Kennethside
819,Roberta Burgess,jmelendez,amystevenson@yahoo.com,%q%1QBiXJN,Lewisport
820,Brandon Novak,douglas48,laurasutton@yahoo.com,*m3gZvE9!z,West Shaneshire
821,Donald Trujillo,jmaxwell,xbrown@hotmail.com,37C^$Q(e!8,Mcknightton
822,Melissa Gibbs,melissapatel,qbell@hotmail.com,(y%0A7ZlJ8,Nunezside
823,Shannon Rose,jillian30,cbryant@hotmail.com,KOV#2S+dd0,Snowside
824,Anthony Cooke,carl88,eric13@gmail.com,(77PU_lgiq,Morganfort
825,Mr. Eric Sutton,ronald60,wwyatt@gmail.com,&5TGolXov6,Erikmouth
826,Charles Phillips,lynnmullins,bruce42@gmail.com,Iy6UbuOn&0,New Stephanie
827,Duane Weber,timothy01,ronaldjefferson@yahoo.com,f0I+8LOi(7,Cunninghamhaven
828,David Burnett,olong,monicachristensen@gmail.com,*)g45DLx+A,East Paulhaven
829,Andrew Medina,donaldgibbs,nuneztamara@yahoo.com,_7QfZ1JkbI,South Maryshire
830,Christopher Juarez,sandovalmichelle,martinsamantha@hotmail.com,o10bYl)u^9,North Chasehaven
831,Melinda Barrett,amanda94,rhondaramos@gmail.com,K26INdRa!^,Kruegerfurt
832,Cindy Burch,amberfrazier,williamsonkristin@hotmail.com,Q79pPFkdg#,Taylorstad
833,Sarah Anderson,xmartin,alanhansen@yahoo.com,CZNg7Dmu&^,Meganside
834,Anthony Riddle,btaylor,xgarcia@hotmail.com,y@O6(JuN%H,Jacksonton
835,Jennifer Hale,bhaney,awebster@gmail.com,Rg1bPXQz^G,North Lynnmouth
836,Sarah Hill,odrake,dcarpenter@yahoo.com,JMvVRvTb&6,Carrollton
837,Michael Dalton,lford,qraymond@hotmail.com,5%$CsQdR+1,Emilymouth
838,Lisa York,jacksonmichael,vbutler@gmail.com,F#!9jIfb^v,Port Carol
839,Edward Schneider,hbennett,lance30@yahoo.com,+q84BTpO%(,Hoganmouth
840,Michelle Sullivan,stephaniemartin,roblesmichael@gmail.com,K9VV0Yaq!k,Meganmouth
841,Allen Watson,jenniferpatterson,garzamelissa@hotmail.com,lCv)0DBdiw,New John
842,Roberto Sullivan,jessicacolon,morrisjames@hotmail.com,&3+SZ(71tl,North Ricardo
843,Frank Caldwell,watsonmary,kathy79@gmail.com,@1ERxC*9_Q,New Carlachester
844,Erin Singh,kirbytonya,wdavidson@hotmail.com,S(hs0E_c!v,Colechester
845,Jessica Russell,perezderrick,jenniferstewart@gmail.com,r)370FqvQ^,Stephentown
846,Edward Hill,tiffany69,zlarson@hotmail.com,i68lAN&$^8,Leonardmouth
847,Crystal Wright,julie00,johnsoncorey@gmail.com,@4o7dsodKT,Yvonnemouth
848,Rebecca Gonzalez,aday,cainmelanie@hotmail.com,!GAQ0Wvj1h,Moniquetown
849,Theresa Adams,ljohnson,michelle18@yahoo.com,@Y7b8Emc00,Lamberthaven
850,Anthony Burns,vphillips,henrykevin@hotmail.com,u+($3WKk3N,Port Darrell
851,Lance Velez,brodriguez,thomas60@yahoo.com,0K_3Co3sde,East Jasonchester
852,Larry Johnston,johnclark,vgarrett@hotmail.com,QNjPqcg+!0,Elizabethville
853,Lindsey Evans,samuel72,katrinapitts@yahoo.com,@&Sasq$E7W,Johnchester
854,Barbara Lopez,graysteven,achapman@hotmail.com,rg(Pnlnq+1,Turnerborough
855,Wendy Pacheco,padillarichard,manderson@gmail.com,rS0!0EIp#9,North Keithside
856,David King,williamsalan,nicole34@gmail.com,$9DGRNIsiV,East Shaunmouth
857,Mary Riley,rcrawford,jgonzalez@hotmail.com,fV&G5NbsZ+,Chenmouth
858,Daniel Kennedy,roy98,kingpatrick@yahoo.com,earN1jQn*j,Gonzaleztown
859,Laura Salazar,amy30,qdavis@yahoo.com,k)73aXCj)r,Justinmouth
860,Stephanie Murray,jessica66,karen38@hotmail.com,JDXdXDSe^1,Sarafort
861,Mary Harris,danielmoon,dgates@hotmail.com,_B5Q9EqxF7,North William
862,Jeff Pearson,alejandromccullough,waynesmith@yahoo.com,2AEwU%v1(B,Ericport
863,Alexander Luna,jennifer85,sjones@yahoo.com,tb6Q)jsuh+,Jamesshire
864,Timothy Hodge,kristendurham,jennifer57@gmail.com,*41GoDG%&o,Port Carolineburgh
865,Rebecca Morgan,laura27,stonerachel@yahoo.com,%nH4XOXryY,Christinahaven
866,Zachary Cantrell,cynthia44,jefferyhunt@gmail.com,_A9Z0Oee(H,Sharonport
867,Tim Mcdonald,michael31,jordan00@hotmail.com,C9BNtBQW_u,Port John
868,Deborah Wise,ewalker,pecksamuel@gmail.com,H0K8O4UiA*,East Eric
869,Henry Hawkins,kdillon,phillipsbrittany@hotmail.com,BEeZa7Jj4#,New Laurenfurt
870,Andrew Huffman,xsparks,robertthomas@gmail.com,_+7EE4yz7B,New Jessicafurt
871,Casey Ward,john00,cmullen@hotmail.com,+hCeJW&bq6,Lake Nicole
872,Benjamin Mathis,yorkjohn,fhall@gmail.com,&L&bH^f_j0,North Larryborough
873,Nancy Harrison,bobfrazier,linda18@hotmail.com,+v429Abd)H,Reynoldsport
874,Christina Smith,joshuaperez,lawrencedarryl@yahoo.com,SnP9m+Aq^m,Daltontown
875,Micheal Brown,pmoore,rcosta@hotmail.com,X3NHIGd^_H,Shawnhaven
876,Max Miller,moransteven,jason10@yahoo.com,4mKmz4_k)4,Staciechester
877,Mark Avila,ymiller,debra75@yahoo.com,%Xl9NnwrB2,Dickersonview
878,Crystal Marshall,kimberly16,kevinmorgan@hotmail.com,vXnKwwTB$0,Levibury
879,Leslie Montgomery,hunteranderson,willierobinson@gmail.com,$(rV5TsXa!,Kimtown
880,Casey Brown,joseph44,brett74@gmail.com,S$T18SvUES,South Barbaraland
881,Christopher Reynolds,tiffanymendoza,tammyflores@gmail.com,g6V#xc!S+%,West Katherine
882,Christine Shields,jnichols,brittanyobrien@hotmail.com,$M!lVJYa7t,West Vickishire
883,Tracey Smith,robleskimberly,bishoprichard@hotmail.com,*Jn*1Vw@k^,Watsonview
884,Felicia Jenkins,kfischer,gmckay@yahoo.com,eQ4F5Kw2@8,Christieshire
885,Jason Martinez,qfrederick,ashley04@yahoo.com,I5UJQu#t#A,New Brian
886,Michael Pope,robertcummings,emily79@hotmail.com,n&Re9GkatD,Shawnton
887,Kimberly Robles,bhuber,jim52@hotmail.com,!HIGtHord5,Anthonyville
888,Andre Jackson,michael37,william06@gmail.com,Mt8M4sGsO^,Hillfurt
889,David Burke,tonyaturner,steven28@hotmail.com,gm4eWgJc@P,East Mackenzieland
890,Ray Stone,gonzalesandrea,cleonard@hotmail.com,n$_6eZVbVk,Port Gerald
891,Laura Baker,ojones,mitchell05@gmail.com,^5AKTdzigC,East Edwardview
892,Erica Lozano,sanchezwilliam,reidteresa@yahoo.com,%23J4MQj&J,Tylerland
893,Joanne Logan,toddwilson,ylewis@hotmail.com,FJlOB3+lM*,Thompsonton
894,Steven Kelley,adam07,silvagwendolyn@gmail.com,$Tl2ZJff(J,Leefort
895,Jordan Edwards,fullermaurice,nicholas38@yahoo.com,4RNzuE(N)7,Lake Davidhaven
896,Miss Crystal Soto,lambertmary,james40@gmail.com,&dXaJVe)g3,West Janice
897,Todd Rivera,jeffreydavis,katelyn52@yahoo.com,lD_q48Ey7w,Lake Brianna
898,David Davis,robertgeorge,nicholasmurphy@yahoo.com,jjxY1XUna%,Katherineburgh
899,Sheila Cox,trevinojames,robertsonrobert@hotmail.com,Sin1AKWdX*,Milesburgh
900,Jonathan Clark,nicolerodriguez,rebeccaperry@hotmail.com,)3Mmd)Lk*I,Jennifershire
901,Diana Daniel,wwilliams,jonescurtis@yahoo.com,%)4NOwDRj8,Jenniferview
902,Allison Sanders,gary00,gonzalezlindsey@hotmail.com,6b5@nF^h*q,Leemouth
903,Jennifer Duncan,laura67,ndawson@hotmail.com,TK8MM1u++Q,Dayhaven
904,Elizabeth Coleman MD,patelcindy,owensjohn@yahoo.com,ks80PptTf#,Lewisbury
905,Steven Christian,epalmer,farleydavid@yahoo.com,0@)2P6tv_3,Armstrongburgh
906,Rebecca Brown,adam51,matthew40@hotmail.com,%758Btg&bO,Michaelhaven
907,Alexa Thompson,erinturner,lindagraham@hotmail.com,vO)k7TRpZv,Greeneview
908,Stephanie Ortiz,veronicamoreno,john78@hotmail.com,Zm0Gq@Lo&c,Davidchester
909,Matthew Rodgers,qbrown,qhenry@yahoo.com,*o&HQX#o+7,West Brian
910,Tanya Miller,shelbyyoung,kaylaramirez@hotmail.com,(n1QDbqzHr,North Bradleyberg
911,Kristin Johnson,lisawright,hickssara@hotmail.com,^ZTej3x003,Elliotthaven
912,Helen Harris,ryanshelton,emilyfrost@yahoo.com,_Z9YKS_b**,East Nicole
913,Makayla Davis MD,feliciadixon,jason72@gmail.com,k2mK90md(c,New Kylestad
914,Alyssa Hoffman,jcunningham,elizabeth13@hotmail.com,#hG7F6Gty+,Margaretport
915,Denise Roman,palvarez,dominique13@gmail.com,CBl0KZga%j,Tylertown
916,Catherine Christian,alyssashea,nlang@yahoo.com,1aOap)O+^U,Chelseaborough
917,Kevin Page,lauren93,xkirby@gmail.com,^_oDDq^a03,Ramirezmouth
918,Robin Santos,umorgan,richardenglish@hotmail.com,+(rs0fWw^%,Jonathanview
919,Eric Wright,hartchristina,riveracharles@hotmail.com,y&2Q7IOfSP,Hayleybury
920,Travis Meyer,clarknatalie,uramsey@yahoo.com,qG2IQsyr&t,Michelleland
921,Kimberly Mitchell,zlewis,milleralexandra@yahoo.com,&i5WO3r_#M,South Brent
922,Hannah Weber,duncanjordan,reevesgeoffrey@gmail.com,B5SyL%qx&_,Caseybury
923,Vanessa Costa,allenhaley,rcruz@yahoo.com,9mKHuDU6@F,Rubenhaven
924,Bonnie Jordan,lori61,karen37@hotmail.com,F)L7XGal)c,Berryfort
925,Drew Rodriguez,kayla20,megan38@hotmail.com,67Wrdr7t&2,Brownberg
926,Jennifer Mccormick,mduarte,igarcia@yahoo.com,eu0R_vzo(!,New Dustin
927,Mrs. Meghan Norman,zwhite,wmarshall@hotmail.com,5_cOT6Av$G,Codyshire
928,Kathleen Green,patrickkelly,joneskurt@hotmail.com,@t4Uciv+fj,South Travis
929,Dr. Angela Woods,kingrichard,nchaney@gmail.com,_5t2vKl!_6,Lake Elizabethchester
930,Kimberly Villa,riverabrenda,julie20@yahoo.com,oc7NHf+v^d,East Ashley
931,Juan Schroeder,joseph23,amberriggs@yahoo.com,Y1IE&Eyl@u,Hornemouth
932,Brooke Wallace,vwilliams,melindafreeman@yahoo.com,5Cf8LlqH_z,Charlesmouth
933,Austin Anderson,donna19,garciaamy@yahoo.com,UiFq0Soj3),North Gabriella
934,Sabrina Garcia,snyderangela,fieldskristen@gmail.com,Fz+9dN^jjo,West Randy
935,Laura Green,gomezmelissa,james57@hotmail.com,7FNZEgsz+5,West Anthony
936,Matthew Keller,emily50,juliekramer@yahoo.com,f3PQI3gP^+,Angelahaven
937,Robin Olson,michaelwhite,donna09@yahoo.com,t7hFo&Yc%s,New Jeffery
938,James Frey,william06,gonzalezbradley@yahoo.com,#RMsRT5uj2,North Mariahaven
939,Daniel Bryant,derekhall,awalters@gmail.com,^6F%n)FnMR,Dillonburgh
940,Donald Abbott,bmcdonald,xponce@hotmail.com,*y7bMo3ddI,South Thomasshire
941,William Taylor,danielvalenzuela,kmills@gmail.com,Q!90uSAiCH,North Mariastad
942,Jill Arias,williamskaren,baldwinelizabeth@yahoo.com,+$zb3Wg1iX,Shorthaven
943,Julia Mosley,james02,xlee@hotmail.com,W@Q2OIzhls,Wolffort
944,Donna Ferguson,mariariggs,maycarrie@hotmail.com,^817Kn_yM&,Lake Janiceborough
945,Daniel Walsh,jrobertson,kristinamartin@hotmail.com,6jIm#^nU_e,Johnside
946,Ashley Hubbard,egilmore,randyadams@hotmail.com,1#PD#mlU+7,Melissafort
947,Kevin Rhodes,kingheather,kristi63@gmail.com,(+6P7JnDk8,Lake Michaelview
948,Frederick Rodriguez,tyoung,sarah99@gmail.com,Ao2t&SUL_^,Port Erinville
949,Jessica Jones,randallconway,danielleriley@gmail.com,$w+p52Sugz,New Jordan
950,Emily Dunn,justinsilva,spencerjohn@hotmail.com,%wdKM%XT5M,Port Thomas
951,Gregory Jackson,myerselizabeth,royavila@yahoo.com,Jx$B4IwKn4,Tammyfurt
952,Briana Miller,thorton,myersmariah@hotmail.com,Q)5KjDWY#m,Kevinfurt
953,Peter Alvarado,lbennett,veronicagood@hotmail.com,z8FI6rei!0,East Brian
954,Erik Rodriguez,jocelynfoley,masseyedward@yahoo.com,91#&3KIkhO,Hughesfurt
955,Lynn Saunders,hclark,alyssa76@yahoo.com,pCz&9Lf)^b,Lake Cassandra
956,Jason Saunders,kellygarcia,wrhodes@hotmail.com,^1(2Fds7%x,Kathleenton
957,Shannon Jenkins,bradleymiller,chad96@yahoo.com,(vMvlGA*y3,Atkinsonshire
958,Nathaniel Williams,david16,omonroe@yahoo.com,s_*K2IpiSw,West Troyburgh
959,Charles Franklin,rayphillip,kevinwhite@yahoo.com,+y&^7tEjYN,Elizabethburgh
960,Steve Mitchell,plandry,jade56@hotmail.com,$3^%LRgyd(,Fuenteschester
961,Peter Mclean,bmyers,lindsayevans@gmail.com,7a@YOD6q&U,Perrychester
962,Sarah Banks,kimberlyweiss,williampearson@hotmail.com,4AC3p%mj)_,Scottmouth
963,Walter Hayden,johnsonzachary,erik90@hotmail.com,jN4!Iqh1%s,New Gregory
964,Tara Watkins,stewartcrystal,samantha13@gmail.com,(I4GbM&4!1,Molinabury
965,Troy Fisher,dnunez,emilygonzalez@gmail.com,If8L5x(tM#,Port Candaceside
966,Larry Brown,jennifercampbell,krystalrosales@yahoo.com,#F&E4OQjo+,North Katherine
967,Mr. John Armstrong,elizabeth38,oliviarojas@hotmail.com,!40@bLve28,Audreyview
968,Sandra Grant,patricksherman,alexander45@gmail.com,5WY4v3Gs%_,Lake Valeriehaven
969,Lisa George,rachelcross,dbrown@yahoo.com,q_@n9DRiet,Jerrytown
970,Christopher Hudson,lopezandrew,dustinnelson@hotmail.com,hLf8A6Xe*3,Gonzalezmouth
971,Christopher Riley,johnsonlisa,bmitchell@gmail.com,@e&XI7Kpng,Tammyview
972,Tabitha Stephens,cherylolson,sfox@hotmail.com,(0o$H()fF@,Richfort
973,Tara Williams,mkelly,valeriejones@yahoo.com,(4EXRjY@O0,Williamsfurt
974,Gregory Li,robertwilson,chris04@gmail.com,9gxsaRBf!M,North Tarahaven
975,Lori Walker,colemangary,uwallace@hotmail.com,i!g+8GGama,South Daniel
976,Ricky Johnson,michaelabrown,thomas52@yahoo.com,%0bHvCQp*0,East Mark
977,Vincent Wang,yyoung,aali@gmail.com,5LDGFdaQ!b,New Blake
978,Brian Wilson,johnmitchell,thomasedwards@gmail.com,(6N*gqYg^h,Rhodesmouth
979,Michele Collins,susannelson,wademark@hotmail.com,4G*2MmK$b(,Scottfurt
980,Rachel Gaines,powellgina,jason57@gmail.com,a5d3KnDl@v,Wesleyburgh
981,Linda Davis,daniel74,zlee@gmail.com,^8YjTt7usd,Lake Richard
982,Michael Gibson,laurenclayton,mark55@yahoo.com,L^)3YTe)#i,South Patricia
983,Sarah Henry,daniel38,cameronmitchell@yahoo.com,f&qG4NQuHA,Owensmouth
984,Brian Reyes,deleonhoward,yjohnson@yahoo.com,X$5ALwIG_v,Brendaport
985,Laurie Jones,stephanie11,wmcdonald@hotmail.com,d2WnU3IN!C,Barkerview
986,Matthew Dyer,kenneth45,coxchris@yahoo.com,!)uE1Ncuac,Lake Anastad
987,David Jones,edwardsjoseph,blairabigail@gmail.com,v&y1dLex4t,Scottport
988,Richard Boyle,marquezkelly,conleyamanda@hotmail.com,BX6RwGgfk_,North Steven
989,Michelle Baker,zcrawford,susanstark@hotmail.com,G3255OMzZ^,New Jason
990,Jamie Friedman,aparker,alexis03@hotmail.com,LY4nQsX3j*,Adamshaven
991,Ashley Pham,justinbennett,daniellegreen@hotmail.com,qzrKNd%z!5,South Kristachester
992,Denise Jones,enichols,fcain@hotmail.com,wcXl7LjA%9,North Lawrenceshire
993,Katie Carr,piercedeborah,barrettsusan@hotmail.com,qk9hmZFb#t,Kennedymouth
994,Jeremy Dyer,bsanchez,gdavis@yahoo.com,7j%_j9Jq6n,Barajasview
995,Juan Parsons,kylegoodman,janiceolson@hotmail.com,$rK8sMlOY3,Lake Clayton
996,Jason Scott,travisrich,alittle@gmail.com,2waTd!PJ*L,West Sonyaside
997,Isaiah Manning,robert60,ysantana@gmail.com,1_(6Tno%WA,Kimmouth
998,Christopher Ponce,deborahwalter,michaelbarrera@yahoo.com,kt8GpysW@+,New Elizabethview
999,Virginia Tran,elizabethbean,blakechristopher@gmail.com,i05SVp_e_r,West Travischester
